{
  "AssemblyIdentity": "Microsoft.AspNetCore.Identity.EntityFrameworkCore, Version=2.1.1.0, Culture=neutral, PublicKeyToken=adb9793829ddae60",
  "Types": [
    {
      "Name": "Microsoft.Extensions.DependencyInjection.IdentityEntityFrameworkBuilderExtensions",
      "Visibility": "Public",
      "Kind": "Class",
      "Abstract": true,
      "Static": true,
      "Sealed": true,
      "ImplementedInterfaces": [],
      "Members": [
        {
          "Kind": "Method",
          "Name": "AddEntityFrameworkStores<T0>",
          "Parameters": [
            {
              "Name": "builder",
              "Type": "Microsoft.AspNetCore.Identity.IdentityBuilder"
            }
          ],
          "ReturnType": "Microsoft.AspNetCore.Identity.IdentityBuilder",
          "Static": true,
          "Extension": true,
          "Visibility": "Public",
          "GenericParameter": [
            {
              "ParameterName": "TContext",
              "ParameterPosition": 0,
              "BaseTypeOrInterfaces": [
                "Microsoft.EntityFrameworkCore.DbContext"
              ]
            }
          ]
        }
      ],
      "GenericParameters": []
    },
    {
      "Name": "Microsoft.AspNetCore.Identity.EntityFrameworkCore.IdentityDbContext",
      "Visibility": "Public",
      "Kind": "Class",
      "BaseType": "Microsoft.AspNetCore.Identity.EntityFrameworkCore.IdentityDbContext<Microsoft.AspNetCore.Identity.IdentityUser, Microsoft.AspNetCore.Identity.IdentityRole, System.String>",
      "ImplementedInterfaces": [],
      "Members": [
        {
          "Kind": "Constructor",
          "Name": ".ctor",
          "Parameters": [
            {
              "Name": "options",
              "Type": "Microsoft.EntityFrameworkCore.DbContextOptions"
            }
          ],
          "Visibility": "Public",
          "GenericParameter": []
        },
        {
          "Kind": "Constructor",
          "Name": ".ctor",
          "Parameters": [],
          "Visibility": "Protected",
          "GenericParameter": []
        }
      ],
      "GenericParameters": []
    },
    {
      "Name": "Microsoft.AspNetCore.Identity.EntityFrameworkCore.IdentityDbContext<T0>",
      "Visibility": "Public",
      "Kind": "Class",
      "BaseType": "Microsoft.AspNetCore.Identity.EntityFrameworkCore.IdentityDbContext<T0, Microsoft.AspNetCore.Identity.IdentityRole, System.String>",
      "ImplementedInterfaces": [],
      "Members": [
        {
          "Kind": "Constructor",
          "Name": ".ctor",
          "Parameters": [
            {
              "Name": "options",
              "Type": "Microsoft.EntityFrameworkCore.DbContextOptions"
            }
          ],
          "Visibility": "Public",
          "GenericParameter": []
        },
        {
          "Kind": "Constructor",
          "Name": ".ctor",
          "Parameters": [],
          "Visibility": "Protected",
          "GenericParameter": []
        }
      ],
      "GenericParameters": [
        {
          "ParameterName": "TUser",
          "ParameterPosition": 0,
          "BaseTypeOrInterfaces": [
            "Microsoft.AspNetCore.Identity.IdentityUser"
          ]
        }
      ]
    },
    {
      "Name": "Microsoft.AspNetCore.Identity.EntityFrameworkCore.IdentityDbContext<T0, T1, T2>",
      "Visibility": "Public",
      "Kind": "Class",
      "BaseType": "Microsoft.AspNetCore.Identity.EntityFrameworkCore.IdentityDbContext<T0, T1, T2, Microsoft.AspNetCore.Identity.IdentityUserClaim<T2>, Microsoft.AspNetCore.Identity.IdentityUserRole<T2>, Microsoft.AspNetCore.Identity.IdentityUserLogin<T2>, Microsoft.AspNetCore.Identity.IdentityRoleClaim<T2>, Microsoft.AspNetCore.Identity.IdentityUserToken<T2>>",
      "ImplementedInterfaces": [],
      "Members": [
        {
          "Kind": "Constructor",
          "Name": ".ctor",
          "Parameters": [
            {
              "Name": "options",
              "Type": "Microsoft.EntityFrameworkCore.DbContextOptions"
            }
          ],
          "Visibility": "Public",
          "GenericParameter": []
        },
        {
          "Kind": "Constructor",
          "Name": ".ctor",
          "Parameters": [],
          "Visibility": "Protected",
          "GenericParameter": []
        }
      ],
      "GenericParameters": [
        {
          "ParameterName": "TUser",
          "ParameterPosition": 0,
          "BaseTypeOrInterfaces": [
            "Microsoft.AspNetCore.Identity.IdentityUser<T2>"
          ]
        },
        {
          "ParameterName": "TRole",
          "ParameterPosition": 1,
          "BaseTypeOrInterfaces": [
            "Microsoft.AspNetCore.Identity.IdentityRole<T2>"
          ]
        },
        {
          "ParameterName": "TKey",
          "ParameterPosition": 2,
          "BaseTypeOrInterfaces": [
            "System.IEquatable<T2>"
          ]
        }
      ]
    },
    {
      "Name": "Microsoft.AspNetCore.Identity.EntityFrameworkCore.IdentityDbContext<T0, T1, T2, T3, T4, T5, T6, T7>",
      "Visibility": "Public",
      "Kind": "Class",
      "Abstract": true,
      "BaseType": "Microsoft.AspNetCore.Identity.EntityFrameworkCore.IdentityUserContext<T0, T2, T3, T5, T7>",
      "ImplementedInterfaces": [],
      "Members": [
        {
          "Kind": "Method",
          "Name": "get_UserRoles",
          "Parameters": [],
          "ReturnType": "Microsoft.EntityFrameworkCore.DbSet<T4>",
          "Visibility": "Public",
          "GenericParameter": []
        },
        {
          "Kind": "Method",
          "Name": "set_UserRoles",
          "Parameters": [
            {
              "Name": "value",
              "Type": "Microsoft.EntityFrameworkCore.DbSet<T4>"
            }
          ],
          "ReturnType": "System.Void",
          "Visibility": "Public",
          "GenericParameter": []
        },
        {
          "Kind": "Method",
          "Name": "get_Roles",
          "Parameters": [],
          "ReturnType": "Microsoft.EntityFrameworkCore.DbSet<T1>",
          "Visibility": "Public",
          "GenericParameter": []
        },
        {
          "Kind": "Method",
          "Name": "set_Roles",
          "Parameters": [
            {
              "Name": "value",
              "Type": "Microsoft.EntityFrameworkCore.DbSet<T1>"
            }
          ],
          "ReturnType": "System.Void",
          "Visibility": "Public",
          "GenericParameter": []
        },
        {
          "Kind": "Method",
          "Name": "get_RoleClaims",
          "Parameters": [],
          "ReturnType": "Microsoft.EntityFrameworkCore.DbSet<T6>",
          "Visibility": "Public",
          "GenericParameter": []
        },
        {
          "Kind": "Method",
          "Name": "set_RoleClaims",
          "Parameters": [
            {
              "Name": "value",
              "Type": "Microsoft.EntityFrameworkCore.DbSet<T6>"
            }
          ],
          "ReturnType": "System.Void",
          "Visibility": "Public",
          "GenericParameter": []
        },
        {
          "Kind": "Method",
          "Name": "OnModelCreating",
          "Parameters": [
            {
              "Name": "builder",
              "Type": "Microsoft.EntityFrameworkCore.ModelBuilder"
            }
          ],
          "ReturnType": "System.Void",
          "Virtual": true,
          "Override": true,
          "Visibility": "Protected",
          "GenericParameter": []
        },
        {
          "Kind": "Constructor",
          "Name": ".ctor",
          "Parameters": [
            {
              "Name": "options",
              "Type": "Microsoft.EntityFrameworkCore.DbContextOptions"
            }
          ],
          "Visibility": "Public",
          "GenericParameter": []
        },
        {
          "Kind": "Constructor",
          "Name": ".ctor",
          "Parameters": [],
          "Visibility": "Protected",
          "GenericParameter": []
        }
      ],
      "GenericParameters": [
        {
          "ParameterName": "TUser",
          "ParameterPosition": 0,
          "BaseTypeOrInterfaces": [
            "Microsoft.AspNetCore.Identity.IdentityUser<T2>"
          ]
        },
        {
          "ParameterName": "TRole",
          "ParameterPosition": 1,
          "BaseTypeOrInterfaces": [
            "Microsoft.AspNetCore.Identity.IdentityRole<T2>"
          ]
        },
        {
          "ParameterName": "TKey",
          "ParameterPosition": 2,
          "BaseTypeOrInterfaces": [
            "System.IEquatable<T2>"
          ]
        },
        {
          "ParameterName": "TUserClaim",
          "ParameterPosition": 3,
          "BaseTypeOrInterfaces": [
            "Microsoft.AspNetCore.Identity.IdentityUserClaim<T2>"
          ]
        },
        {
          "ParameterName": "TUserRole",
          "ParameterPosition": 4,
          "BaseTypeOrInterfaces": [
            "Microsoft.AspNetCore.Identity.IdentityUserRole<T2>"
          ]
        },
        {
          "ParameterName": "TUserLogin",
          "ParameterPosition": 5,
          "BaseTypeOrInterfaces": [
            "Microsoft.AspNetCore.Identity.IdentityUserLogin<T2>"
          ]
        },
        {
          "ParameterName": "TRoleClaim",
          "ParameterPosition": 6,
          "BaseTypeOrInterfaces": [
            "Microsoft.AspNetCore.Identity.IdentityRoleClaim<T2>"
          ]
        },
        {
          "ParameterName": "TUserToken",
          "ParameterPosition": 7,
          "BaseTypeOrInterfaces": [
            "Microsoft.AspNetCore.Identity.IdentityUserToken<T2>"
          ]
        }
      ]
    },
    {
      "Name": "Microsoft.AspNetCore.Identity.EntityFrameworkCore.IdentityUserContext<T0>",
      "Visibility": "Public",
      "Kind": "Class",
      "BaseType": "Microsoft.AspNetCore.Identity.EntityFrameworkCore.IdentityUserContext<T0, System.String>",
      "ImplementedInterfaces": [],
      "Members": [
        {
          "Kind": "Constructor",
          "Name": ".ctor",
          "Parameters": [
            {
              "Name": "options",
              "Type": "Microsoft.EntityFrameworkCore.DbContextOptions"
            }
          ],
          "Visibility": "Public",
          "GenericParameter": []
        },
        {
          "Kind": "Constructor",
          "Name": ".ctor",
          "Parameters": [],
          "Visibility": "Protected",
          "GenericParameter": []
        }
      ],
      "GenericParameters": [
        {
          "ParameterName": "TUser",
          "ParameterPosition": 0,
          "BaseTypeOrInterfaces": [
            "Microsoft.AspNetCore.Identity.IdentityUser"
          ]
        }
      ]
    },
    {
      "Name": "Microsoft.AspNetCore.Identity.EntityFrameworkCore.IdentityUserContext<T0, T1>",
      "Visibility": "Public",
      "Kind": "Class",
      "BaseType": "Microsoft.AspNetCore.Identity.EntityFrameworkCore.IdentityUserContext<T0, T1, Microsoft.AspNetCore.Identity.IdentityUserClaim<T1>, Microsoft.AspNetCore.Identity.IdentityUserLogin<T1>, Microsoft.AspNetCore.Identity.IdentityUserToken<T1>>",
      "ImplementedInterfaces": [],
      "Members": [
        {
          "Kind": "Constructor",
          "Name": ".ctor",
          "Parameters": [
            {
              "Name": "options",
              "Type": "Microsoft.EntityFrameworkCore.DbContextOptions"
            }
          ],
          "Visibility": "Public",
          "GenericParameter": []
        },
        {
          "Kind": "Constructor",
          "Name": ".ctor",
          "Parameters": [],
          "Visibility": "Protected",
          "GenericParameter": []
        }
      ],
      "GenericParameters": [
        {
          "ParameterName": "TUser",
          "ParameterPosition": 0,
          "BaseTypeOrInterfaces": [
            "Microsoft.AspNetCore.Identity.IdentityUser<T1>"
          ]
        },
        {
          "ParameterName": "TKey",
          "ParameterPosition": 1,
          "BaseTypeOrInterfaces": [
            "System.IEquatable<T1>"
          ]
        }
      ]
    },
    {
      "Name": "Microsoft.AspNetCore.Identity.EntityFrameworkCore.IdentityUserContext<T0, T1, T2, T3, T4>",
      "Visibility": "Public",
      "Kind": "Class",
      "Abstract": true,
      "BaseType": "Microsoft.EntityFrameworkCore.DbContext",
      "ImplementedInterfaces": [],
      "Members": [
        {
          "Kind": "Method",
          "Name": "get_Users",
          "Parameters": [],
          "ReturnType": "Microsoft.EntityFrameworkCore.DbSet<T0>",
          "Visibility": "Public",
          "GenericParameter": []
        },
        {
          "Kind": "Method",
          "Name": "set_Users",
          "Parameters": [
            {
              "Name": "value",
              "Type": "Microsoft.EntityFrameworkCore.DbSet<T0>"
            }
          ],
          "ReturnType": "System.Void",
          "Visibility": "Public",
          "GenericParameter": []
        },
        {
          "Kind": "Method",
          "Name": "get_UserClaims",
          "Parameters": [],
          "ReturnType": "Microsoft.EntityFrameworkCore.DbSet<T2>",
          "Visibility": "Public",
          "GenericParameter": []
        },
        {
          "Kind": "Method",
          "Name": "set_UserClaims",
          "Parameters": [
            {
              "Name": "value",
              "Type": "Microsoft.EntityFrameworkCore.DbSet<T2>"
            }
          ],
          "ReturnType": "System.Void",
          "Visibility": "Public",
          "GenericParameter": []
        },
        {
          "Kind": "Method",
          "Name": "get_UserLogins",
          "Parameters": [],
          "ReturnType": "Microsoft.EntityFrameworkCore.DbSet<T3>",
          "Visibility": "Public",
          "GenericParameter": []
        },
        {
          "Kind": "Method",
          "Name": "set_UserLogins",
          "Parameters": [
            {
              "Name": "value",
              "Type": "Microsoft.EntityFrameworkCore.DbSet<T3>"
            }
          ],
          "ReturnType": "System.Void",
          "Visibility": "Public",
          "GenericParameter": []
        },
        {
          "Kind": "Method",
          "Name": "get_UserTokens",
          "Parameters": [],
          "ReturnType": "Microsoft.EntityFrameworkCore.DbSet<T4>",
          "Visibility": "Public",
          "GenericParameter": []
        },
        {
          "Kind": "Method",
          "Name": "set_UserTokens",
          "Parameters": [
            {
              "Name": "value",
              "Type": "Microsoft.EntityFrameworkCore.DbSet<T4>"
            }
          ],
          "ReturnType": "System.Void",
          "Visibility": "Public",
          "GenericParameter": []
        },
        {
          "Kind": "Method",
          "Name": "OnModelCreating",
          "Parameters": [
            {
              "Name": "builder",
              "Type": "Microsoft.EntityFrameworkCore.ModelBuilder"
            }
          ],
          "ReturnType": "System.Void",
          "Virtual": true,
          "Override": true,
          "Visibility": "Protected",
          "GenericParameter": []
        },
        {
          "Kind": "Constructor",
          "Name": ".ctor",
          "Parameters": [
            {
              "Name": "options",
              "Type": "Microsoft.EntityFrameworkCore.DbContextOptions"
            }
          ],
          "Visibility": "Public",
          "GenericParameter": []
        },
        {
          "Kind": "Constructor",
          "Name": ".ctor",
          "Parameters": [],
          "Visibility": "Protected",
          "GenericParameter": []
        }
      ],
      "GenericParameters": [
        {
          "ParameterName": "TUser",
          "ParameterPosition": 0,
          "BaseTypeOrInterfaces": [
            "Microsoft.AspNetCore.Identity.IdentityUser<T1>"
          ]
        },
        {
          "ParameterName": "TKey",
          "ParameterPosition": 1,
          "BaseTypeOrInterfaces": [
            "System.IEquatable<T1>"
          ]
        },
        {
          "ParameterName": "TUserClaim",
          "ParameterPosition": 2,
          "BaseTypeOrInterfaces": [
            "Microsoft.AspNetCore.Identity.IdentityUserClaim<T1>"
          ]
        },
        {
          "ParameterName": "TUserLogin",
          "ParameterPosition": 3,
          "BaseTypeOrInterfaces": [
            "Microsoft.AspNetCore.Identity.IdentityUserLogin<T1>"
          ]
        },
        {
          "ParameterName": "TUserToken",
          "ParameterPosition": 4,
          "BaseTypeOrInterfaces": [
            "Microsoft.AspNetCore.Identity.IdentityUserToken<T1>"
          ]
        }
      ]
    },
    {
      "Name": "Microsoft.AspNetCore.Identity.EntityFrameworkCore.RoleStore<T0>",
      "Visibility": "Public",
      "Kind": "Class",
      "BaseType": "Microsoft.AspNetCore.Identity.EntityFrameworkCore.RoleStore<T0, Microsoft.EntityFrameworkCore.DbContext, System.String>",
      "ImplementedInterfaces": [],
      "Members": [
        {
          "Kind": "Constructor",
          "Name": ".ctor",
          "Parameters": [
            {
              "Name": "context",
              "Type": "Microsoft.EntityFrameworkCore.DbContext"
            },
            {
              "Name": "describer",
              "Type": "Microsoft.AspNetCore.Identity.IdentityErrorDescriber",
              "DefaultValue": "null"
            }
          ],
          "Visibility": "Public",
          "GenericParameter": []
        }
      ],
      "GenericParameters": [
        {
          "ParameterName": "TRole",
          "ParameterPosition": 0,
          "BaseTypeOrInterfaces": [
            "Microsoft.AspNetCore.Identity.IdentityRole<System.String>"
          ]
        }
      ]
    },
    {
      "Name": "Microsoft.AspNetCore.Identity.EntityFrameworkCore.RoleStore<T0, T1>",
      "Visibility": "Public",
      "Kind": "Class",
      "BaseType": "Microsoft.AspNetCore.Identity.EntityFrameworkCore.RoleStore<T0, T1, System.String>",
      "ImplementedInterfaces": [],
      "Members": [
        {
          "Kind": "Constructor",
          "Name": ".ctor",
          "Parameters": [
            {
              "Name": "context",
              "Type": "T1"
            },
            {
              "Name": "describer",
              "Type": "Microsoft.AspNetCore.Identity.IdentityErrorDescriber",
              "DefaultValue": "null"
            }
          ],
          "Visibility": "Public",
          "GenericParameter": []
        }
      ],
      "GenericParameters": [
        {
          "ParameterName": "TRole",
          "ParameterPosition": 0,
          "BaseTypeOrInterfaces": [
            "Microsoft.AspNetCore.Identity.IdentityRole<System.String>"
          ]
        },
        {
          "ParameterName": "TContext",
          "ParameterPosition": 1,
          "BaseTypeOrInterfaces": [
            "Microsoft.EntityFrameworkCore.DbContext"
          ]
        }
      ]
    },
    {
      "Name": "Microsoft.AspNetCore.Identity.EntityFrameworkCore.RoleStore<T0, T1, T2>",
      "Visibility": "Public",
      "Kind": "Class",
      "BaseType": "Microsoft.AspNetCore.Identity.EntityFrameworkCore.RoleStore<T0, T1, T2, Microsoft.AspNetCore.Identity.IdentityUserRole<T2>, Microsoft.AspNetCore.Identity.IdentityRoleClaim<T2>>",
      "ImplementedInterfaces": [],
      "Members": [
        {
          "Kind": "Constructor",
          "Name": ".ctor",
          "Parameters": [
            {
              "Name": "context",
              "Type": "T1"
            },
            {
              "Name": "describer",
              "Type": "Microsoft.AspNetCore.Identity.IdentityErrorDescriber",
              "DefaultValue": "null"
            }
          ],
          "Visibility": "Public",
          "GenericParameter": []
        }
      ],
      "GenericParameters": [
        {
          "ParameterName": "TRole",
          "ParameterPosition": 0,
          "BaseTypeOrInterfaces": [
            "Microsoft.AspNetCore.Identity.IdentityRole<T2>"
          ]
        },
        {
          "ParameterName": "TContext",
          "ParameterPosition": 1,
          "BaseTypeOrInterfaces": [
            "Microsoft.EntityFrameworkCore.DbContext"
          ]
        },
        {
          "ParameterName": "TKey",
          "ParameterPosition": 2,
          "BaseTypeOrInterfaces": [
            "System.IEquatable<T2>"
          ]
        }
      ]
    },
    {
      "Name": "Microsoft.AspNetCore.Identity.EntityFrameworkCore.RoleStore<T0, T1, T2, T3, T4>",
      "Visibility": "Public",
      "Kind": "Class",
      "ImplementedInterfaces": [
        "Microsoft.AspNetCore.Identity.IQueryableRoleStore<T0>",
        "Microsoft.AspNetCore.Identity.IRoleClaimStore<T0>"
      ],
      "Members": [
        {
          "Kind": "Method",
          "Name": "CreateAsync",
          "Parameters": [
            {
              "Name": "role",
              "Type": "T0"
            },
            {
              "Name": "cancellationToken",
              "Type": "System.Threading.CancellationToken",
              "DefaultValue": "default(System.Threading.CancellationToken)"
            }
          ],
          "ReturnType": "System.Threading.Tasks.Task<Microsoft.AspNetCore.Identity.IdentityResult>",
          "Virtual": true,
          "ImplementedInterface": "Microsoft.AspNetCore.Identity.IRoleStore<T0>",
          "Visibility": "Public",
          "GenericParameter": []
        },
        {
          "Kind": "Method",
          "Name": "UpdateAsync",
          "Parameters": [
            {
              "Name": "role",
              "Type": "T0"
            },
            {
              "Name": "cancellationToken",
              "Type": "System.Threading.CancellationToken",
              "DefaultValue": "default(System.Threading.CancellationToken)"
            }
          ],
          "ReturnType": "System.Threading.Tasks.Task<Microsoft.AspNetCore.Identity.IdentityResult>",
          "Virtual": true,
          "ImplementedInterface": "Microsoft.AspNetCore.Identity.IRoleStore<T0>",
          "Visibility": "Public",
          "GenericParameter": []
        },
        {
          "Kind": "Method",
          "Name": "DeleteAsync",
          "Parameters": [
            {
              "Name": "role",
              "Type": "T0"
            },
            {
              "Name": "cancellationToken",
              "Type": "System.Threading.CancellationToken",
              "DefaultValue": "default(System.Threading.CancellationToken)"
            }
          ],
          "ReturnType": "System.Threading.Tasks.Task<Microsoft.AspNetCore.Identity.IdentityResult>",
          "Virtual": true,
          "ImplementedInterface": "Microsoft.AspNetCore.Identity.IRoleStore<T0>",
          "Visibility": "Public",
          "GenericParameter": []
        },
        {
          "Kind": "Method",
          "Name": "GetRoleIdAsync",
          "Parameters": [
            {
              "Name": "role",
              "Type": "T0"
            },
            {
              "Name": "cancellationToken",
              "Type": "System.Threading.CancellationToken",
              "DefaultValue": "default(System.Threading.CancellationToken)"
            }
          ],
          "ReturnType": "System.Threading.Tasks.Task<System.String>",
          "Virtual": true,
          "ImplementedInterface": "Microsoft.AspNetCore.Identity.IRoleStore<T0>",
          "Visibility": "Public",
          "GenericParameter": []
        },
        {
          "Kind": "Method",
          "Name": "GetRoleNameAsync",
          "Parameters": [
            {
              "Name": "role",
              "Type": "T0"
            },
            {
              "Name": "cancellationToken",
              "Type": "System.Threading.CancellationToken",
              "DefaultValue": "default(System.Threading.CancellationToken)"
            }
          ],
          "ReturnType": "System.Threading.Tasks.Task<System.String>",
          "Virtual": true,
          "ImplementedInterface": "Microsoft.AspNetCore.Identity.IRoleStore<T0>",
          "Visibility": "Public",
          "GenericParameter": []
        },
        {
          "Kind": "Method",
          "Name": "SetRoleNameAsync",
          "Parameters": [
            {
              "Name": "role",
              "Type": "T0"
            },
            {
              "Name": "roleName",
              "Type": "System.String"
            },
            {
              "Name": "cancellationToken",
              "Type": "System.Threading.CancellationToken",
              "DefaultValue": "default(System.Threading.CancellationToken)"
            }
          ],
          "ReturnType": "System.Threading.Tasks.Task",
          "Virtual": true,
          "ImplementedInterface": "Microsoft.AspNetCore.Identity.IRoleStore<T0>",
          "Visibility": "Public",
          "GenericParameter": []
        },
        {
          "Kind": "Method",
          "Name": "GetNormalizedRoleNameAsync",
          "Parameters": [
            {
              "Name": "role",
              "Type": "T0"
            },
            {
              "Name": "cancellationToken",
              "Type": "System.Threading.CancellationToken",
              "DefaultValue": "default(System.Threading.CancellationToken)"
            }
          ],
          "ReturnType": "System.Threading.Tasks.Task<System.String>",
          "Virtual": true,
          "ImplementedInterface": "Microsoft.AspNetCore.Identity.IRoleStore<T0>",
          "Visibility": "Public",
          "GenericParameter": []
        },
        {
          "Kind": "Method",
          "Name": "SetNormalizedRoleNameAsync",
          "Parameters": [
            {
              "Name": "role",
              "Type": "T0"
            },
            {
              "Name": "normalizedName",
              "Type": "System.String"
            },
            {
              "Name": "cancellationToken",
              "Type": "System.Threading.CancellationToken",
              "DefaultValue": "default(System.Threading.CancellationToken)"
            }
          ],
          "ReturnType": "System.Threading.Tasks.Task",
          "Virtual": true,
          "ImplementedInterface": "Microsoft.AspNetCore.Identity.IRoleStore<T0>",
          "Visibility": "Public",
          "GenericParameter": []
        },
        {
          "Kind": "Method",
          "Name": "FindByIdAsync",
          "Parameters": [
            {
              "Name": "id",
              "Type": "System.String"
            },
            {
              "Name": "cancellationToken",
              "Type": "System.Threading.CancellationToken",
              "DefaultValue": "default(System.Threading.CancellationToken)"
            }
          ],
          "ReturnType": "System.Threading.Tasks.Task<T0>",
          "Virtual": true,
          "ImplementedInterface": "Microsoft.AspNetCore.Identity.IRoleStore<T0>",
          "Visibility": "Public",
          "GenericParameter": []
        },
        {
          "Kind": "Method",
          "Name": "FindByNameAsync",
          "Parameters": [
            {
              "Name": "normalizedName",
              "Type": "System.String"
            },
            {
              "Name": "cancellationToken",
              "Type": "System.Threading.CancellationToken",
              "DefaultValue": "default(System.Threading.CancellationToken)"
            }
          ],
          "ReturnType": "System.Threading.Tasks.Task<T0>",
          "Virtual": true,
          "ImplementedInterface": "Microsoft.AspNetCore.Identity.IRoleStore<T0>",
          "Visibility": "Public",
          "GenericParameter": []
        },
        {
          "Kind": "Method",
          "Name": "Dispose",
          "Parameters": [],
          "ReturnType": "System.Void",
          "Sealed": true,
          "Virtual": true,
          "ImplementedInterface": "System.IDisposable",
          "Visibility": "Public",
          "GenericParameter": []
        },
        {
          "Kind": "Method",
          "Name": "get_Context",
          "Parameters": [],
          "ReturnType": "T1",
          "Visibility": "Public",
          "GenericParameter": []
        },
        {
          "Kind": "Method",
          "Name": "get_ErrorDescriber",
          "Parameters": [],
          "ReturnType": "Microsoft.AspNetCore.Identity.IdentityErrorDescriber",
          "Visibility": "Public",
          "GenericParameter": []
        },
        {
          "Kind": "Method",
          "Name": "set_ErrorDescriber",
          "Parameters": [
            {
              "Name": "value",
              "Type": "Microsoft.AspNetCore.Identity.IdentityErrorDescriber"
            }
          ],
          "ReturnType": "System.Void",
          "Visibility": "Public",
          "GenericParameter": []
        },
        {
          "Kind": "Method",
          "Name": "get_AutoSaveChanges",
          "Parameters": [],
          "ReturnType": "System.Boolean",
          "Visibility": "Public",
          "GenericParameter": []
        },
        {
          "Kind": "Method",
          "Name": "set_AutoSaveChanges",
          "Parameters": [
            {
              "Name": "value",
              "Type": "System.Boolean"
            }
          ],
          "ReturnType": "System.Void",
          "Visibility": "Public",
          "GenericParameter": []
        },
        {
          "Kind": "Method",
          "Name": "ConvertIdFromString",
          "Parameters": [
            {
              "Name": "id",
              "Type": "System.String"
            }
          ],
          "ReturnType": "T2",
          "Virtual": true,
          "Visibility": "Public",
          "GenericParameter": []
        },
        {
          "Kind": "Method",
          "Name": "ConvertIdToString",
          "Parameters": [
            {
              "Name": "id",
              "Type": "T2"
            }
          ],
          "ReturnType": "System.String",
          "Virtual": true,
          "Visibility": "Public",
          "GenericParameter": []
        },
        {
          "Kind": "Method",
          "Name": "ThrowIfDisposed",
          "Parameters": [],
          "ReturnType": "System.Void",
          "Visibility": "Protected",
          "GenericParameter": []
        },
        {
          "Kind": "Method",
          "Name": "GetClaimsAsync",
          "Parameters": [
            {
              "Name": "role",
              "Type": "T0"
            },
            {
              "Name": "cancellationToken",
              "Type": "System.Threading.CancellationToken",
              "DefaultValue": "default(System.Threading.CancellationToken)"
            }
          ],
          "ReturnType": "System.Threading.Tasks.Task<System.Collections.Generic.IList<System.Security.Claims.Claim>>",
          "Virtual": true,
          "ImplementedInterface": "Microsoft.AspNetCore.Identity.IRoleClaimStore<T0>",
          "Visibility": "Public",
          "GenericParameter": []
        },
        {
          "Kind": "Method",
          "Name": "AddClaimAsync",
          "Parameters": [
            {
              "Name": "role",
              "Type": "T0"
            },
            {
              "Name": "claim",
              "Type": "System.Security.Claims.Claim"
            },
            {
              "Name": "cancellationToken",
              "Type": "System.Threading.CancellationToken",
              "DefaultValue": "default(System.Threading.CancellationToken)"
            }
          ],
          "ReturnType": "System.Threading.Tasks.Task",
          "Virtual": true,
          "ImplementedInterface": "Microsoft.AspNetCore.Identity.IRoleClaimStore<T0>",
          "Visibility": "Public",
          "GenericParameter": []
        },
        {
          "Kind": "Method",
          "Name": "RemoveClaimAsync",
          "Parameters": [
            {
              "Name": "role",
              "Type": "T0"
            },
            {
              "Name": "claim",
              "Type": "System.Security.Claims.Claim"
            },
            {
              "Name": "cancellationToken",
              "Type": "System.Threading.CancellationToken",
              "DefaultValue": "default(System.Threading.CancellationToken)"
            }
          ],
          "ReturnType": "System.Threading.Tasks.Task",
          "Virtual": true,
          "ImplementedInterface": "Microsoft.AspNetCore.Identity.IRoleClaimStore<T0>",
          "Visibility": "Public",
          "GenericParameter": []
        },
        {
          "Kind": "Method",
          "Name": "get_Roles",
          "Parameters": [],
          "ReturnType": "System.Linq.IQueryable<T0>",
          "Virtual": true,
          "ImplementedInterface": "Microsoft.AspNetCore.Identity.IQueryableRoleStore<T0>",
          "Visibility": "Public",
          "GenericParameter": []
        },
        {
          "Kind": "Method",
          "Name": "CreateRoleClaim",
          "Parameters": [
            {
              "Name": "role",
              "Type": "T0"
            },
            {
              "Name": "claim",
              "Type": "System.Security.Claims.Claim"
            }
          ],
          "ReturnType": "T4",
          "Virtual": true,
          "Visibility": "Protected",
          "GenericParameter": []
        },
        {
          "Kind": "Constructor",
          "Name": ".ctor",
          "Parameters": [
            {
              "Name": "context",
              "Type": "T1"
            },
            {
              "Name": "describer",
              "Type": "Microsoft.AspNetCore.Identity.IdentityErrorDescriber",
              "DefaultValue": "null"
            }
          ],
          "Visibility": "Public",
          "GenericParameter": []
        }
      ],
      "GenericParameters": [
        {
          "ParameterName": "TRole",
          "ParameterPosition": 0,
          "BaseTypeOrInterfaces": [
            "Microsoft.AspNetCore.Identity.IdentityRole<T2>"
          ]
        },
        {
          "ParameterName": "TContext",
          "ParameterPosition": 1,
          "BaseTypeOrInterfaces": [
            "Microsoft.EntityFrameworkCore.DbContext"
          ]
        },
        {
          "ParameterName": "TKey",
          "ParameterPosition": 2,
          "BaseTypeOrInterfaces": [
            "System.IEquatable<T2>"
          ]
        },
        {
          "ParameterName": "TUserRole",
          "ParameterPosition": 3,
          "New": true,
          "BaseTypeOrInterfaces": [
            "Microsoft.AspNetCore.Identity.IdentityUserRole<T2>"
          ]
        },
        {
          "ParameterName": "TRoleClaim",
          "ParameterPosition": 4,
          "New": true,
          "BaseTypeOrInterfaces": [
            "Microsoft.AspNetCore.Identity.IdentityRoleClaim<T2>"
          ]
        }
      ]
    },
    {
      "Name": "Microsoft.AspNetCore.Identity.EntityFrameworkCore.UserOnlyStore<T0>",
      "Visibility": "Public",
      "Kind": "Class",
      "BaseType": "Microsoft.AspNetCore.Identity.EntityFrameworkCore.UserOnlyStore<T0, Microsoft.EntityFrameworkCore.DbContext, System.String>",
      "ImplementedInterfaces": [],
      "Members": [
        {
          "Kind": "Constructor",
          "Name": ".ctor",
          "Parameters": [
            {
              "Name": "context",
              "Type": "Microsoft.EntityFrameworkCore.DbContext"
            },
            {
              "Name": "describer",
              "Type": "Microsoft.AspNetCore.Identity.IdentityErrorDescriber",
              "DefaultValue": "null"
            }
          ],
          "Visibility": "Public",
          "GenericParameter": []
        }
      ],
      "GenericParameters": [
        {
          "ParameterName": "TUser",
          "ParameterPosition": 0,
          "New": true,
          "BaseTypeOrInterfaces": [
            "Microsoft.AspNetCore.Identity.IdentityUser<System.String>"
          ]
        }
      ]
    },
    {
      "Name": "Microsoft.AspNetCore.Identity.EntityFrameworkCore.UserOnlyStore<T0, T1>",
      "Visibility": "Public",
      "Kind": "Class",
      "BaseType": "Microsoft.AspNetCore.Identity.EntityFrameworkCore.UserOnlyStore<T0, T1, System.String>",
      "ImplementedInterfaces": [],
      "Members": [
        {
          "Kind": "Constructor",
          "Name": ".ctor",
          "Parameters": [
            {
              "Name": "context",
              "Type": "T1"
            },
            {
              "Name": "describer",
              "Type": "Microsoft.AspNetCore.Identity.IdentityErrorDescriber",
              "DefaultValue": "null"
            }
          ],
          "Visibility": "Public",
          "GenericParameter": []
        }
      ],
      "GenericParameters": [
        {
          "ParameterName": "TUser",
          "ParameterPosition": 0,
          "BaseTypeOrInterfaces": [
            "Microsoft.AspNetCore.Identity.IdentityUser<System.String>"
          ]
        },
        {
          "ParameterName": "TContext",
          "ParameterPosition": 1,
          "BaseTypeOrInterfaces": [
            "Microsoft.EntityFrameworkCore.DbContext"
          ]
        }
      ]
    },
    {
      "Name": "Microsoft.AspNetCore.Identity.EntityFrameworkCore.UserOnlyStore<T0, T1, T2>",
      "Visibility": "Public",
      "Kind": "Class",
      "BaseType": "Microsoft.AspNetCore.Identity.EntityFrameworkCore.UserOnlyStore<T0, T1, T2, Microsoft.AspNetCore.Identity.IdentityUserClaim<T2>, Microsoft.AspNetCore.Identity.IdentityUserLogin<T2>, Microsoft.AspNetCore.Identity.IdentityUserToken<T2>>",
      "ImplementedInterfaces": [],
      "Members": [
        {
          "Kind": "Constructor",
          "Name": ".ctor",
          "Parameters": [
            {
              "Name": "context",
              "Type": "T1"
            },
            {
              "Name": "describer",
              "Type": "Microsoft.AspNetCore.Identity.IdentityErrorDescriber",
              "DefaultValue": "null"
            }
          ],
          "Visibility": "Public",
          "GenericParameter": []
        }
      ],
      "GenericParameters": [
        {
          "ParameterName": "TUser",
          "ParameterPosition": 0,
          "BaseTypeOrInterfaces": [
            "Microsoft.AspNetCore.Identity.IdentityUser<T2>"
          ]
        },
        {
          "ParameterName": "TContext",
          "ParameterPosition": 1,
          "BaseTypeOrInterfaces": [
            "Microsoft.EntityFrameworkCore.DbContext"
          ]
        },
        {
          "ParameterName": "TKey",
          "ParameterPosition": 2,
          "BaseTypeOrInterfaces": [
            "System.IEquatable<T2>"
          ]
        }
      ]
    },
    {
      "Name": "Microsoft.AspNetCore.Identity.EntityFrameworkCore.UserOnlyStore<T0, T1, T2, T3, T4, T5>",
      "Visibility": "Public",
      "Kind": "Class",
      "BaseType": "Microsoft.AspNetCore.Identity.UserStoreBase<T0, T2, T3, T4, T5>",
      "ImplementedInterfaces": [
        "Microsoft.AspNetCore.Identity.IProtectedUserStore<T0>"
      ],
      "Members": [
        {
          "Kind": "Method",
          "Name": "AddLoginAsync",
          "Parameters": [
            {
              "Name": "user",
              "Type": "T0"
            },
            {
              "Name": "login",
              "Type": "Microsoft.AspNetCore.Identity.UserLoginInfo"
            },
            {
              "Name": "cancellationToken",
              "Type": "System.Threading.CancellationToken",
              "DefaultValue": "default(System.Threading.CancellationToken)"
            }
          ],
          "ReturnType": "System.Threading.Tasks.Task",
          "Virtual": true,
          "Override": true,
          "ImplementedInterface": "Microsoft.AspNetCore.Identity.IUserLoginStore<T0>",
          "Visibility": "Public",
          "GenericParameter": []
        },
        {
          "Kind": "Method",
          "Name": "RemoveLoginAsync",
          "Parameters": [
            {
              "Name": "user",
              "Type": "T0"
            },
            {
              "Name": "loginProvider",
              "Type": "System.String"
            },
            {
              "Name": "providerKey",
              "Type": "System.String"
            },
            {
              "Name": "cancellationToken",
              "Type": "System.Threading.CancellationToken",
              "DefaultValue": "default(System.Threading.CancellationToken)"
            }
          ],
          "ReturnType": "System.Threading.Tasks.Task",
          "Virtual": true,
          "Override": true,
          "ImplementedInterface": "Microsoft.AspNetCore.Identity.IUserLoginStore<T0>",
          "Visibility": "Public",
          "GenericParameter": []
        },
        {
          "Kind": "Method",
          "Name": "GetLoginsAsync",
          "Parameters": [
            {
              "Name": "user",
              "Type": "T0"
            },
            {
              "Name": "cancellationToken",
              "Type": "System.Threading.CancellationToken",
              "DefaultValue": "default(System.Threading.CancellationToken)"
            }
          ],
          "ReturnType": "System.Threading.Tasks.Task<System.Collections.Generic.IList<Microsoft.AspNetCore.Identity.UserLoginInfo>>",
          "Virtual": true,
          "Override": true,
          "ImplementedInterface": "Microsoft.AspNetCore.Identity.IUserLoginStore<T0>",
          "Visibility": "Public",
          "GenericParameter": []
        },
        {
          "Kind": "Method",
          "Name": "FindByLoginAsync",
          "Parameters": [
            {
              "Name": "loginProvider",
              "Type": "System.String"
            },
            {
              "Name": "providerKey",
              "Type": "System.String"
            },
            {
              "Name": "cancellationToken",
              "Type": "System.Threading.CancellationToken",
              "DefaultValue": "default(System.Threading.CancellationToken)"
            }
          ],
          "ReturnType": "System.Threading.Tasks.Task<T0>",
          "Virtual": true,
          "Override": true,
          "ImplementedInterface": "Microsoft.AspNetCore.Identity.IUserLoginStore<T0>",
          "Visibility": "Public",
          "GenericParameter": []
        },
        {
          "Kind": "Method",
          "Name": "CreateAsync",
          "Parameters": [
            {
              "Name": "user",
              "Type": "T0"
            },
            {
              "Name": "cancellationToken",
              "Type": "System.Threading.CancellationToken",
              "DefaultValue": "default(System.Threading.CancellationToken)"
            }
          ],
          "ReturnType": "System.Threading.Tasks.Task<Microsoft.AspNetCore.Identity.IdentityResult>",
          "Virtual": true,
          "Override": true,
          "ImplementedInterface": "Microsoft.AspNetCore.Identity.IUserStore<T0>",
          "Visibility": "Public",
          "GenericParameter": []
        },
        {
          "Kind": "Method",
          "Name": "UpdateAsync",
          "Parameters": [
            {
              "Name": "user",
              "Type": "T0"
            },
            {
              "Name": "cancellationToken",
              "Type": "System.Threading.CancellationToken",
              "DefaultValue": "default(System.Threading.CancellationToken)"
            }
          ],
          "ReturnType": "System.Threading.Tasks.Task<Microsoft.AspNetCore.Identity.IdentityResult>",
          "Virtual": true,
          "Override": true,
          "ImplementedInterface": "Microsoft.AspNetCore.Identity.IUserStore<T0>",
          "Visibility": "Public",
          "GenericParameter": []
        },
        {
          "Kind": "Method",
          "Name": "DeleteAsync",
          "Parameters": [
            {
              "Name": "user",
              "Type": "T0"
            },
            {
              "Name": "cancellationToken",
              "Type": "System.Threading.CancellationToken",
              "DefaultValue": "default(System.Threading.CancellationToken)"
            }
          ],
          "ReturnType": "System.Threading.Tasks.Task<Microsoft.AspNetCore.Identity.IdentityResult>",
          "Virtual": true,
          "Override": true,
          "ImplementedInterface": "Microsoft.AspNetCore.Identity.IUserStore<T0>",
          "Visibility": "Public",
          "GenericParameter": []
        },
        {
          "Kind": "Method",
          "Name": "FindByIdAsync",
          "Parameters": [
            {
              "Name": "userId",
              "Type": "System.String"
            },
            {
              "Name": "cancellationToken",
              "Type": "System.Threading.CancellationToken",
              "DefaultValue": "default(System.Threading.CancellationToken)"
            }
          ],
          "ReturnType": "System.Threading.Tasks.Task<T0>",
          "Virtual": true,
          "Override": true,
          "ImplementedInterface": "Microsoft.AspNetCore.Identity.IUserStore<T0>",
          "Visibility": "Public",
          "GenericParameter": []
        },
        {
          "Kind": "Method",
          "Name": "FindByNameAsync",
          "Parameters": [
            {
              "Name": "normalizedUserName",
              "Type": "System.String"
            },
            {
              "Name": "cancellationToken",
              "Type": "System.Threading.CancellationToken",
              "DefaultValue": "default(System.Threading.CancellationToken)"
            }
          ],
          "ReturnType": "System.Threading.Tasks.Task<T0>",
          "Virtual": true,
          "Override": true,
          "ImplementedInterface": "Microsoft.AspNetCore.Identity.IUserStore<T0>",
          "Visibility": "Public",
          "GenericParameter": []
        },
        {
          "Kind": "Method",
          "Name": "GetClaimsAsync",
          "Parameters": [
            {
              "Name": "user",
              "Type": "T0"
            },
            {
              "Name": "cancellationToken",
              "Type": "System.Threading.CancellationToken",
              "DefaultValue": "default(System.Threading.CancellationToken)"
            }
          ],
          "ReturnType": "System.Threading.Tasks.Task<System.Collections.Generic.IList<System.Security.Claims.Claim>>",
          "Virtual": true,
          "Override": true,
          "ImplementedInterface": "Microsoft.AspNetCore.Identity.IUserClaimStore<T0>",
          "Visibility": "Public",
          "GenericParameter": []
        },
        {
          "Kind": "Method",
          "Name": "AddClaimsAsync",
          "Parameters": [
            {
              "Name": "user",
              "Type": "T0"
            },
            {
              "Name": "claims",
              "Type": "System.Collections.Generic.IEnumerable<System.Security.Claims.Claim>"
            },
            {
              "Name": "cancellationToken",
              "Type": "System.Threading.CancellationToken",
              "DefaultValue": "default(System.Threading.CancellationToken)"
            }
          ],
          "ReturnType": "System.Threading.Tasks.Task",
          "Virtual": true,
          "Override": true,
          "ImplementedInterface": "Microsoft.AspNetCore.Identity.IUserClaimStore<T0>",
          "Visibility": "Public",
          "GenericParameter": []
        },
        {
          "Kind": "Method",
          "Name": "ReplaceClaimAsync",
          "Parameters": [
            {
              "Name": "user",
              "Type": "T0"
            },
            {
              "Name": "claim",
              "Type": "System.Security.Claims.Claim"
            },
            {
              "Name": "newClaim",
              "Type": "System.Security.Claims.Claim"
            },
            {
              "Name": "cancellationToken",
              "Type": "System.Threading.CancellationToken",
              "DefaultValue": "default(System.Threading.CancellationToken)"
            }
          ],
          "ReturnType": "System.Threading.Tasks.Task",
          "Virtual": true,
          "Override": true,
          "ImplementedInterface": "Microsoft.AspNetCore.Identity.IUserClaimStore<T0>",
          "Visibility": "Public",
          "GenericParameter": []
        },
        {
          "Kind": "Method",
          "Name": "RemoveClaimsAsync",
          "Parameters": [
            {
              "Name": "user",
              "Type": "T0"
            },
            {
              "Name": "claims",
              "Type": "System.Collections.Generic.IEnumerable<System.Security.Claims.Claim>"
            },
            {
              "Name": "cancellationToken",
              "Type": "System.Threading.CancellationToken",
              "DefaultValue": "default(System.Threading.CancellationToken)"
            }
          ],
          "ReturnType": "System.Threading.Tasks.Task",
          "Virtual": true,
          "Override": true,
          "ImplementedInterface": "Microsoft.AspNetCore.Identity.IUserClaimStore<T0>",
          "Visibility": "Public",
          "GenericParameter": []
        },
        {
          "Kind": "Method",
          "Name": "GetUsersForClaimAsync",
          "Parameters": [
            {
              "Name": "claim",
              "Type": "System.Security.Claims.Claim"
            },
            {
              "Name": "cancellationToken",
              "Type": "System.Threading.CancellationToken",
              "DefaultValue": "default(System.Threading.CancellationToken)"
            }
          ],
          "ReturnType": "System.Threading.Tasks.Task<System.Collections.Generic.IList<T0>>",
          "Virtual": true,
          "Override": true,
          "ImplementedInterface": "Microsoft.AspNetCore.Identity.IUserClaimStore<T0>",
          "Visibility": "Public",
          "GenericParameter": []
        },
        {
          "Kind": "Method",
          "Name": "FindByEmailAsync",
          "Parameters": [
            {
              "Name": "normalizedEmail",
              "Type": "System.String"
            },
            {
              "Name": "cancellationToken",
              "Type": "System.Threading.CancellationToken",
              "DefaultValue": "default(System.Threading.CancellationToken)"
            }
          ],
          "ReturnType": "System.Threading.Tasks.Task<T0>",
          "Virtual": true,
          "Override": true,
          "ImplementedInterface": "Microsoft.AspNetCore.Identity.IUserEmailStore<T0>",
          "Visibility": "Public",
          "GenericParameter": []
        },
        {
          "Kind": "Method",
          "Name": "get_Users",
          "Parameters": [],
          "ReturnType": "System.Linq.IQueryable<T0>",
          "Virtual": true,
          "Override": true,
          "ImplementedInterface": "Microsoft.AspNetCore.Identity.IQueryableUserStore<T0>",
          "Visibility": "Public",
          "GenericParameter": []
        },
        {
          "Kind": "Method",
          "Name": "get_Context",
          "Parameters": [],
          "ReturnType": "T1",
          "Visibility": "Public",
          "GenericParameter": []
        },
        {
          "Kind": "Method",
          "Name": "get_UsersSet",
          "Parameters": [],
          "ReturnType": "Microsoft.EntityFrameworkCore.DbSet<T0>",
          "Visibility": "Protected",
          "GenericParameter": []
        },
        {
          "Kind": "Method",
          "Name": "get_UserClaims",
          "Parameters": [],
          "ReturnType": "Microsoft.EntityFrameworkCore.DbSet<T3>",
          "Visibility": "Protected",
          "GenericParameter": []
        },
        {
          "Kind": "Method",
          "Name": "get_UserLogins",
          "Parameters": [],
          "ReturnType": "Microsoft.EntityFrameworkCore.DbSet<T4>",
          "Visibility": "Protected",
          "GenericParameter": []
        },
        {
          "Kind": "Method",
          "Name": "get_UserTokens",
          "Parameters": [],
          "ReturnType": "Microsoft.EntityFrameworkCore.DbSet<T5>",
          "Visibility": "Protected",
          "GenericParameter": []
        },
        {
          "Kind": "Method",
          "Name": "get_AutoSaveChanges",
          "Parameters": [],
          "ReturnType": "System.Boolean",
          "Visibility": "Public",
          "GenericParameter": []
        },
        {
          "Kind": "Method",
          "Name": "set_AutoSaveChanges",
          "Parameters": [
            {
              "Name": "value",
              "Type": "System.Boolean"
            }
          ],
          "ReturnType": "System.Void",
          "Visibility": "Public",
          "GenericParameter": []
        },
        {
          "Kind": "Method",
          "Name": "SaveChanges",
          "Parameters": [
            {
              "Name": "cancellationToken",
              "Type": "System.Threading.CancellationToken"
            }
          ],
          "ReturnType": "System.Threading.Tasks.Task",
          "Visibility": "Protected",
          "GenericParameter": []
        },
        {
          "Kind": "Method",
          "Name": "FindUserAsync",
          "Parameters": [
            {
              "Name": "userId",
              "Type": "T2"
            },
            {
              "Name": "cancellationToken",
              "Type": "System.Threading.CancellationToken"
            }
          ],
          "ReturnType": "System.Threading.Tasks.Task<T0>",
          "Virtual": true,
          "Override": true,
          "Visibility": "Protected",
          "GenericParameter": []
        },
        {
          "Kind": "Method",
          "Name": "FindUserLoginAsync",
          "Parameters": [
            {
              "Name": "userId",
              "Type": "T2"
            },
            {
              "Name": "loginProvider",
              "Type": "System.String"
            },
            {
              "Name": "providerKey",
              "Type": "System.String"
            },
            {
              "Name": "cancellationToken",
              "Type": "System.Threading.CancellationToken"
            }
          ],
          "ReturnType": "System.Threading.Tasks.Task<T4>",
          "Virtual": true,
          "Override": true,
          "Visibility": "Protected",
          "GenericParameter": []
        },
        {
          "Kind": "Method",
          "Name": "FindUserLoginAsync",
          "Parameters": [
            {
              "Name": "loginProvider",
              "Type": "System.String"
            },
            {
              "Name": "providerKey",
              "Type": "System.String"
            },
            {
              "Name": "cancellationToken",
              "Type": "System.Threading.CancellationToken"
            }
          ],
          "ReturnType": "System.Threading.Tasks.Task<T4>",
          "Virtual": true,
          "Override": true,
          "Visibility": "Protected",
          "GenericParameter": []
        },
        {
          "Kind": "Method",
          "Name": "FindTokenAsync",
          "Parameters": [
            {
              "Name": "user",
              "Type": "T0"
            },
            {
              "Name": "loginProvider",
              "Type": "System.String"
            },
            {
              "Name": "name",
              "Type": "System.String"
            },
            {
              "Name": "cancellationToken",
              "Type": "System.Threading.CancellationToken"
            }
          ],
          "ReturnType": "System.Threading.Tasks.Task<T5>",
          "Virtual": true,
          "Override": true,
          "Visibility": "Protected",
          "GenericParameter": []
        },
        {
          "Kind": "Method",
          "Name": "AddUserTokenAsync",
          "Parameters": [
            {
              "Name": "token",
              "Type": "T5"
            }
          ],
          "ReturnType": "System.Threading.Tasks.Task",
          "Virtual": true,
          "Override": true,
          "Visibility": "Protected",
          "GenericParameter": []
        },
        {
          "Kind": "Method",
          "Name": "RemoveUserTokenAsync",
          "Parameters": [
            {
              "Name": "token",
              "Type": "T5"
            }
          ],
          "ReturnType": "System.Threading.Tasks.Task",
          "Virtual": true,
          "Override": true,
          "Visibility": "Protected",
          "GenericParameter": []
        },
        {
          "Kind": "Constructor",
          "Name": ".ctor",
          "Parameters": [
            {
              "Name": "context",
              "Type": "T1"
            },
            {
              "Name": "describer",
              "Type": "Microsoft.AspNetCore.Identity.IdentityErrorDescriber",
              "DefaultValue": "null"
            }
          ],
          "Visibility": "Public",
          "GenericParameter": []
        }
      ],
      "GenericParameters": [
        {
          "ParameterName": "TUser",
          "ParameterPosition": 0,
          "BaseTypeOrInterfaces": [
            "Microsoft.AspNetCore.Identity.IdentityUser<T2>"
          ]
        },
        {
          "ParameterName": "TContext",
          "ParameterPosition": 1,
          "BaseTypeOrInterfaces": [
            "Microsoft.EntityFrameworkCore.DbContext"
          ]
        },
        {
          "ParameterName": "TKey",
          "ParameterPosition": 2,
          "BaseTypeOrInterfaces": [
            "System.IEquatable<T2>"
          ]
        },
        {
          "ParameterName": "TUserClaim",
          "ParameterPosition": 3,
          "New": true,
          "BaseTypeOrInterfaces": [
            "Microsoft.AspNetCore.Identity.IdentityUserClaim<T2>"
          ]
        },
        {
          "ParameterName": "TUserLogin",
          "ParameterPosition": 4,
          "New": true,
          "BaseTypeOrInterfaces": [
            "Microsoft.AspNetCore.Identity.IdentityUserLogin<T2>"
          ]
        },
        {
          "ParameterName": "TUserToken",
          "ParameterPosition": 5,
          "New": true,
          "BaseTypeOrInterfaces": [
            "Microsoft.AspNetCore.Identity.IdentityUserToken<T2>"
          ]
        }
      ]
    },
    {
      "Name": "Microsoft.AspNetCore.Identity.EntityFrameworkCore.UserStore",
      "Visibility": "Public",
      "Kind": "Class",
      "BaseType": "Microsoft.AspNetCore.Identity.EntityFrameworkCore.UserStore<Microsoft.AspNetCore.Identity.IdentityUser<System.String>>",
      "ImplementedInterfaces": [],
      "Members": [
        {
          "Kind": "Constructor",
          "Name": ".ctor",
          "Parameters": [
            {
              "Name": "context",
              "Type": "Microsoft.EntityFrameworkCore.DbContext"
            },
            {
              "Name": "describer",
              "Type": "Microsoft.AspNetCore.Identity.IdentityErrorDescriber",
              "DefaultValue": "null"
            }
          ],
          "Visibility": "Public",
          "GenericParameter": []
        }
      ],
      "GenericParameters": []
    },
    {
      "Name": "Microsoft.AspNetCore.Identity.EntityFrameworkCore.UserStore<T0>",
      "Visibility": "Public",
      "Kind": "Class",
      "BaseType": "Microsoft.AspNetCore.Identity.EntityFrameworkCore.UserStore<T0, Microsoft.AspNetCore.Identity.IdentityRole, Microsoft.EntityFrameworkCore.DbContext, System.String>",
      "ImplementedInterfaces": [],
      "Members": [
        {
          "Kind": "Constructor",
          "Name": ".ctor",
          "Parameters": [
            {
              "Name": "context",
              "Type": "Microsoft.EntityFrameworkCore.DbContext"
            },
            {
              "Name": "describer",
              "Type": "Microsoft.AspNetCore.Identity.IdentityErrorDescriber",
              "DefaultValue": "null"
            }
          ],
          "Visibility": "Public",
          "GenericParameter": []
        }
      ],
      "GenericParameters": [
        {
          "ParameterName": "TUser",
          "ParameterPosition": 0,
          "New": true,
          "BaseTypeOrInterfaces": [
            "Microsoft.AspNetCore.Identity.IdentityUser<System.String>"
          ]
        }
      ]
    },
    {
      "Name": "Microsoft.AspNetCore.Identity.EntityFrameworkCore.UserStore<T0, T1, T2>",
      "Visibility": "Public",
      "Kind": "Class",
      "BaseType": "Microsoft.AspNetCore.Identity.EntityFrameworkCore.UserStore<T0, T1, T2, System.String>",
      "ImplementedInterfaces": [],
      "Members": [
        {
          "Kind": "Constructor",
          "Name": ".ctor",
          "Parameters": [
            {
              "Name": "context",
              "Type": "T2"
            },
            {
              "Name": "describer",
              "Type": "Microsoft.AspNetCore.Identity.IdentityErrorDescriber",
              "DefaultValue": "null"
            }
          ],
          "Visibility": "Public",
          "GenericParameter": []
        }
      ],
      "GenericParameters": [
        {
          "ParameterName": "TUser",
          "ParameterPosition": 0,
          "BaseTypeOrInterfaces": [
            "Microsoft.AspNetCore.Identity.IdentityUser<System.String>"
          ]
        },
        {
          "ParameterName": "TRole",
          "ParameterPosition": 1,
          "BaseTypeOrInterfaces": [
            "Microsoft.AspNetCore.Identity.IdentityRole<System.String>"
          ]
        },
        {
          "ParameterName": "TContext",
          "ParameterPosition": 2,
          "BaseTypeOrInterfaces": [
            "Microsoft.EntityFrameworkCore.DbContext"
          ]
        }
      ]
    },
    {
      "Name": "Microsoft.AspNetCore.Identity.EntityFrameworkCore.UserStore<T0, T1, T2, T3>",
      "Visibility": "Public",
      "Kind": "Class",
      "BaseType": "Microsoft.AspNetCore.Identity.EntityFrameworkCore.UserStore<T0, T1, T2, T3, Microsoft.AspNetCore.Identity.IdentityUserClaim<T3>, Microsoft.AspNetCore.Identity.IdentityUserRole<T3>, Microsoft.AspNetCore.Identity.IdentityUserLogin<T3>, Microsoft.AspNetCore.Identity.IdentityUserToken<T3>, Microsoft.AspNetCore.Identity.IdentityRoleClaim<T3>>",
      "ImplementedInterfaces": [],
      "Members": [
        {
          "Kind": "Constructor",
          "Name": ".ctor",
          "Parameters": [
            {
              "Name": "context",
              "Type": "T2"
            },
            {
              "Name": "describer",
              "Type": "Microsoft.AspNetCore.Identity.IdentityErrorDescriber",
              "DefaultValue": "null"
            }
          ],
          "Visibility": "Public",
          "GenericParameter": []
        }
      ],
      "GenericParameters": [
        {
          "ParameterName": "TUser",
          "ParameterPosition": 0,
          "BaseTypeOrInterfaces": [
            "Microsoft.AspNetCore.Identity.IdentityUser<T3>"
          ]
        },
        {
          "ParameterName": "TRole",
          "ParameterPosition": 1,
          "BaseTypeOrInterfaces": [
            "Microsoft.AspNetCore.Identity.IdentityRole<T3>"
          ]
        },
        {
          "ParameterName": "TContext",
          "ParameterPosition": 2,
          "BaseTypeOrInterfaces": [
            "Microsoft.EntityFrameworkCore.DbContext"
          ]
        },
        {
          "ParameterName": "TKey",
          "ParameterPosition": 3,
          "BaseTypeOrInterfaces": [
            "System.IEquatable<T3>"
          ]
        }
      ]
    },
    {
      "Name": "Microsoft.AspNetCore.Identity.EntityFrameworkCore.UserStore<T0, T1, T2, T3, T4, T5, T6, T7, T8>",
      "Visibility": "Public",
      "Kind": "Class",
      "BaseType": "Microsoft.AspNetCore.Identity.UserStoreBase<T0, T1, T3, T4, T5, T6, T7, T8>",
      "ImplementedInterfaces": [
        "Microsoft.AspNetCore.Identity.IProtectedUserStore<T0>"
      ],
      "Members": [
        {
          "Kind": "Method",
          "Name": "AddLoginAsync",
          "Parameters": [
            {
              "Name": "user",
              "Type": "T0"
            },
            {
              "Name": "login",
              "Type": "Microsoft.AspNetCore.Identity.UserLoginInfo"
            },
            {
              "Name": "cancellationToken",
              "Type": "System.Threading.CancellationToken",
              "DefaultValue": "default(System.Threading.CancellationToken)"
            }
          ],
          "ReturnType": "System.Threading.Tasks.Task",
          "Virtual": true,
          "Override": true,
          "ImplementedInterface": "Microsoft.AspNetCore.Identity.IUserLoginStore<T0>",
          "Visibility": "Public",
          "GenericParameter": []
        },
        {
          "Kind": "Method",
          "Name": "RemoveLoginAsync",
          "Parameters": [
            {
              "Name": "user",
              "Type": "T0"
            },
            {
              "Name": "loginProvider",
              "Type": "System.String"
            },
            {
              "Name": "providerKey",
              "Type": "System.String"
            },
            {
              "Name": "cancellationToken",
              "Type": "System.Threading.CancellationToken",
              "DefaultValue": "default(System.Threading.CancellationToken)"
            }
          ],
          "ReturnType": "System.Threading.Tasks.Task",
          "Virtual": true,
          "Override": true,
          "ImplementedInterface": "Microsoft.AspNetCore.Identity.IUserLoginStore<T0>",
          "Visibility": "Public",
          "GenericParameter": []
        },
        {
          "Kind": "Method",
          "Name": "GetLoginsAsync",
          "Parameters": [
            {
              "Name": "user",
              "Type": "T0"
            },
            {
              "Name": "cancellationToken",
              "Type": "System.Threading.CancellationToken",
              "DefaultValue": "default(System.Threading.CancellationToken)"
            }
          ],
          "ReturnType": "System.Threading.Tasks.Task<System.Collections.Generic.IList<Microsoft.AspNetCore.Identity.UserLoginInfo>>",
          "Virtual": true,
          "Override": true,
          "ImplementedInterface": "Microsoft.AspNetCore.Identity.IUserLoginStore<T0>",
          "Visibility": "Public",
          "GenericParameter": []
        },
        {
          "Kind": "Method",
          "Name": "FindByLoginAsync",
          "Parameters": [
            {
              "Name": "loginProvider",
              "Type": "System.String"
            },
            {
              "Name": "providerKey",
              "Type": "System.String"
            },
            {
              "Name": "cancellationToken",
              "Type": "System.Threading.CancellationToken",
              "DefaultValue": "default(System.Threading.CancellationToken)"
            }
          ],
          "ReturnType": "System.Threading.Tasks.Task<T0>",
          "Virtual": true,
          "Override": true,
          "ImplementedInterface": "Microsoft.AspNetCore.Identity.IUserLoginStore<T0>",
          "Visibility": "Public",
          "GenericParameter": []
        },
        {
          "Kind": "Method",
          "Name": "CreateAsync",
          "Parameters": [
            {
              "Name": "user",
              "Type": "T0"
            },
            {
              "Name": "cancellationToken",
              "Type": "System.Threading.CancellationToken",
              "DefaultValue": "default(System.Threading.CancellationToken)"
            }
          ],
          "ReturnType": "System.Threading.Tasks.Task<Microsoft.AspNetCore.Identity.IdentityResult>",
          "Virtual": true,
          "Override": true,
          "ImplementedInterface": "Microsoft.AspNetCore.Identity.IUserStore<T0>",
          "Visibility": "Public",
          "GenericParameter": []
        },
        {
          "Kind": "Method",
          "Name": "UpdateAsync",
          "Parameters": [
            {
              "Name": "user",
              "Type": "T0"
            },
            {
              "Name": "cancellationToken",
              "Type": "System.Threading.CancellationToken",
              "DefaultValue": "default(System.Threading.CancellationToken)"
            }
          ],
          "ReturnType": "System.Threading.Tasks.Task<Microsoft.AspNetCore.Identity.IdentityResult>",
          "Virtual": true,
          "Override": true,
          "ImplementedInterface": "Microsoft.AspNetCore.Identity.IUserStore<T0>",
          "Visibility": "Public",
          "GenericParameter": []
        },
        {
          "Kind": "Method",
          "Name": "DeleteAsync",
          "Parameters": [
            {
              "Name": "user",
              "Type": "T0"
            },
            {
              "Name": "cancellationToken",
              "Type": "System.Threading.CancellationToken",
              "DefaultValue": "default(System.Threading.CancellationToken)"
            }
          ],
          "ReturnType": "System.Threading.Tasks.Task<Microsoft.AspNetCore.Identity.IdentityResult>",
          "Virtual": true,
          "Override": true,
          "ImplementedInterface": "Microsoft.AspNetCore.Identity.IUserStore<T0>",
          "Visibility": "Public",
          "GenericParameter": []
        },
        {
          "Kind": "Method",
          "Name": "FindByIdAsync",
          "Parameters": [
            {
              "Name": "userId",
              "Type": "System.String"
            },
            {
              "Name": "cancellationToken",
              "Type": "System.Threading.CancellationToken",
              "DefaultValue": "default(System.Threading.CancellationToken)"
            }
          ],
          "ReturnType": "System.Threading.Tasks.Task<T0>",
          "Virtual": true,
          "Override": true,
          "ImplementedInterface": "Microsoft.AspNetCore.Identity.IUserStore<T0>",
          "Visibility": "Public",
          "GenericParameter": []
        },
        {
          "Kind": "Method",
          "Name": "FindByNameAsync",
          "Parameters": [
            {
              "Name": "normalizedUserName",
              "Type": "System.String"
            },
            {
              "Name": "cancellationToken",
              "Type": "System.Threading.CancellationToken",
              "DefaultValue": "default(System.Threading.CancellationToken)"
            }
          ],
          "ReturnType": "System.Threading.Tasks.Task<T0>",
          "Virtual": true,
          "Override": true,
          "ImplementedInterface": "Microsoft.AspNetCore.Identity.IUserStore<T0>",
          "Visibility": "Public",
          "GenericParameter": []
        },
        {
          "Kind": "Method",
          "Name": "GetClaimsAsync",
          "Parameters": [
            {
              "Name": "user",
              "Type": "T0"
            },
            {
              "Name": "cancellationToken",
              "Type": "System.Threading.CancellationToken",
              "DefaultValue": "default(System.Threading.CancellationToken)"
            }
          ],
          "ReturnType": "System.Threading.Tasks.Task<System.Collections.Generic.IList<System.Security.Claims.Claim>>",
          "Virtual": true,
          "Override": true,
          "ImplementedInterface": "Microsoft.AspNetCore.Identity.IUserClaimStore<T0>",
          "Visibility": "Public",
          "GenericParameter": []
        },
        {
          "Kind": "Method",
          "Name": "AddClaimsAsync",
          "Parameters": [
            {
              "Name": "user",
              "Type": "T0"
            },
            {
              "Name": "claims",
              "Type": "System.Collections.Generic.IEnumerable<System.Security.Claims.Claim>"
            },
            {
              "Name": "cancellationToken",
              "Type": "System.Threading.CancellationToken",
              "DefaultValue": "default(System.Threading.CancellationToken)"
            }
          ],
          "ReturnType": "System.Threading.Tasks.Task",
          "Virtual": true,
          "Override": true,
          "ImplementedInterface": "Microsoft.AspNetCore.Identity.IUserClaimStore<T0>",
          "Visibility": "Public",
          "GenericParameter": []
        },
        {
          "Kind": "Method",
          "Name": "ReplaceClaimAsync",
          "Parameters": [
            {
              "Name": "user",
              "Type": "T0"
            },
            {
              "Name": "claim",
              "Type": "System.Security.Claims.Claim"
            },
            {
              "Name": "newClaim",
              "Type": "System.Security.Claims.Claim"
            },
            {
              "Name": "cancellationToken",
              "Type": "System.Threading.CancellationToken",
              "DefaultValue": "default(System.Threading.CancellationToken)"
            }
          ],
          "ReturnType": "System.Threading.Tasks.Task",
          "Virtual": true,
          "Override": true,
          "ImplementedInterface": "Microsoft.AspNetCore.Identity.IUserClaimStore<T0>",
          "Visibility": "Public",
          "GenericParameter": []
        },
        {
          "Kind": "Method",
          "Name": "RemoveClaimsAsync",
          "Parameters": [
            {
              "Name": "user",
              "Type": "T0"
            },
            {
              "Name": "claims",
              "Type": "System.Collections.Generic.IEnumerable<System.Security.Claims.Claim>"
            },
            {
              "Name": "cancellationToken",
              "Type": "System.Threading.CancellationToken",
              "DefaultValue": "default(System.Threading.CancellationToken)"
            }
          ],
          "ReturnType": "System.Threading.Tasks.Task",
          "Virtual": true,
          "Override": true,
          "ImplementedInterface": "Microsoft.AspNetCore.Identity.IUserClaimStore<T0>",
          "Visibility": "Public",
          "GenericParameter": []
        },
        {
          "Kind": "Method",
          "Name": "GetUsersForClaimAsync",
          "Parameters": [
            {
              "Name": "claim",
              "Type": "System.Security.Claims.Claim"
            },
            {
              "Name": "cancellationToken",
              "Type": "System.Threading.CancellationToken",
              "DefaultValue": "default(System.Threading.CancellationToken)"
            }
          ],
          "ReturnType": "System.Threading.Tasks.Task<System.Collections.Generic.IList<T0>>",
          "Virtual": true,
          "Override": true,
          "ImplementedInterface": "Microsoft.AspNetCore.Identity.IUserClaimStore<T0>",
          "Visibility": "Public",
          "GenericParameter": []
        },
        {
          "Kind": "Method",
          "Name": "FindByEmailAsync",
          "Parameters": [
            {
              "Name": "normalizedEmail",
              "Type": "System.String"
            },
            {
              "Name": "cancellationToken",
              "Type": "System.Threading.CancellationToken",
              "DefaultValue": "default(System.Threading.CancellationToken)"
            }
          ],
          "ReturnType": "System.Threading.Tasks.Task<T0>",
          "Virtual": true,
          "Override": true,
          "ImplementedInterface": "Microsoft.AspNetCore.Identity.IUserEmailStore<T0>",
          "Visibility": "Public",
          "GenericParameter": []
        },
        {
          "Kind": "Method",
          "Name": "get_Users",
          "Parameters": [],
          "ReturnType": "System.Linq.IQueryable<T0>",
          "Virtual": true,
          "Override": true,
          "ImplementedInterface": "Microsoft.AspNetCore.Identity.IQueryableUserStore<T0>",
          "Visibility": "Public",
          "GenericParameter": []
        },
        {
          "Kind": "Method",
          "Name": "AddToRoleAsync",
          "Parameters": [
            {
              "Name": "user",
              "Type": "T0"
            },
            {
              "Name": "normalizedRoleName",
              "Type": "System.String"
            },
            {
              "Name": "cancellationToken",
              "Type": "System.Threading.CancellationToken",
              "DefaultValue": "default(System.Threading.CancellationToken)"
            }
          ],
          "ReturnType": "System.Threading.Tasks.Task",
          "Virtual": true,
          "Override": true,
          "ImplementedInterface": "Microsoft.AspNetCore.Identity.IUserRoleStore<T0>",
          "Visibility": "Public",
          "GenericParameter": []
        },
        {
          "Kind": "Method",
          "Name": "RemoveFromRoleAsync",
          "Parameters": [
            {
              "Name": "user",
              "Type": "T0"
            },
            {
              "Name": "normalizedRoleName",
              "Type": "System.String"
            },
            {
              "Name": "cancellationToken",
              "Type": "System.Threading.CancellationToken",
              "DefaultValue": "default(System.Threading.CancellationToken)"
            }
          ],
          "ReturnType": "System.Threading.Tasks.Task",
          "Virtual": true,
          "Override": true,
          "ImplementedInterface": "Microsoft.AspNetCore.Identity.IUserRoleStore<T0>",
          "Visibility": "Public",
          "GenericParameter": []
        },
        {
          "Kind": "Method",
          "Name": "GetRolesAsync",
          "Parameters": [
            {
              "Name": "user",
              "Type": "T0"
            },
            {
              "Name": "cancellationToken",
              "Type": "System.Threading.CancellationToken",
              "DefaultValue": "default(System.Threading.CancellationToken)"
            }
          ],
          "ReturnType": "System.Threading.Tasks.Task<System.Collections.Generic.IList<System.String>>",
          "Virtual": true,
          "Override": true,
          "ImplementedInterface": "Microsoft.AspNetCore.Identity.IUserRoleStore<T0>",
          "Visibility": "Public",
          "GenericParameter": []
        },
        {
          "Kind": "Method",
          "Name": "IsInRoleAsync",
          "Parameters": [
            {
              "Name": "user",
              "Type": "T0"
            },
            {
              "Name": "normalizedRoleName",
              "Type": "System.String"
            },
            {
              "Name": "cancellationToken",
              "Type": "System.Threading.CancellationToken",
              "DefaultValue": "default(System.Threading.CancellationToken)"
            }
          ],
          "ReturnType": "System.Threading.Tasks.Task<System.Boolean>",
          "Virtual": true,
          "Override": true,
          "ImplementedInterface": "Microsoft.AspNetCore.Identity.IUserRoleStore<T0>",
          "Visibility": "Public",
          "GenericParameter": []
        },
        {
          "Kind": "Method",
          "Name": "GetUsersInRoleAsync",
          "Parameters": [
            {
              "Name": "normalizedRoleName",
              "Type": "System.String"
            },
            {
              "Name": "cancellationToken",
              "Type": "System.Threading.CancellationToken",
              "DefaultValue": "default(System.Threading.CancellationToken)"
            }
          ],
          "ReturnType": "System.Threading.Tasks.Task<System.Collections.Generic.IList<T0>>",
          "Virtual": true,
          "Override": true,
          "ImplementedInterface": "Microsoft.AspNetCore.Identity.IUserRoleStore<T0>",
          "Visibility": "Public",
          "GenericParameter": []
        },
        {
          "Kind": "Method",
          "Name": "get_Context",
          "Parameters": [],
          "ReturnType": "T2",
          "Visibility": "Public",
          "GenericParameter": []
        },
        {
          "Kind": "Method",
          "Name": "get_AutoSaveChanges",
          "Parameters": [],
          "ReturnType": "System.Boolean",
          "Visibility": "Public",
          "GenericParameter": []
        },
        {
          "Kind": "Method",
          "Name": "set_AutoSaveChanges",
          "Parameters": [
            {
              "Name": "value",
              "Type": "System.Boolean"
            }
          ],
          "ReturnType": "System.Void",
          "Visibility": "Public",
          "GenericParameter": []
        },
        {
          "Kind": "Method",
          "Name": "SaveChanges",
          "Parameters": [
            {
              "Name": "cancellationToken",
              "Type": "System.Threading.CancellationToken"
            }
          ],
          "ReturnType": "System.Threading.Tasks.Task",
          "Visibility": "Protected",
          "GenericParameter": []
        },
        {
          "Kind": "Method",
          "Name": "FindRoleAsync",
          "Parameters": [
            {
              "Name": "normalizedRoleName",
              "Type": "System.String"
            },
            {
              "Name": "cancellationToken",
              "Type": "System.Threading.CancellationToken"
            }
          ],
          "ReturnType": "System.Threading.Tasks.Task<T1>",
          "Virtual": true,
          "Override": true,
          "Visibility": "Protected",
          "GenericParameter": []
        },
        {
          "Kind": "Method",
          "Name": "FindUserRoleAsync",
          "Parameters": [
            {
              "Name": "userId",
              "Type": "T3"
            },
            {
              "Name": "roleId",
              "Type": "T3"
            },
            {
              "Name": "cancellationToken",
              "Type": "System.Threading.CancellationToken"
            }
          ],
          "ReturnType": "System.Threading.Tasks.Task<T5>",
          "Virtual": true,
          "Override": true,
          "Visibility": "Protected",
          "GenericParameter": []
        },
        {
          "Kind": "Method",
          "Name": "FindUserAsync",
          "Parameters": [
            {
              "Name": "userId",
              "Type": "T3"
            },
            {
              "Name": "cancellationToken",
              "Type": "System.Threading.CancellationToken"
            }
          ],
          "ReturnType": "System.Threading.Tasks.Task<T0>",
          "Virtual": true,
          "Override": true,
          "Visibility": "Protected",
          "GenericParameter": []
        },
        {
          "Kind": "Method",
          "Name": "FindUserLoginAsync",
          "Parameters": [
            {
              "Name": "userId",
              "Type": "T3"
            },
            {
              "Name": "loginProvider",
              "Type": "System.String"
            },
            {
              "Name": "providerKey",
              "Type": "System.String"
            },
            {
              "Name": "cancellationToken",
              "Type": "System.Threading.CancellationToken"
            }
          ],
          "ReturnType": "System.Threading.Tasks.Task<T6>",
          "Virtual": true,
          "Override": true,
          "Visibility": "Protected",
          "GenericParameter": []
        },
        {
          "Kind": "Method",
          "Name": "FindUserLoginAsync",
          "Parameters": [
            {
              "Name": "loginProvider",
              "Type": "System.String"
            },
            {
              "Name": "providerKey",
              "Type": "System.String"
            },
            {
              "Name": "cancellationToken",
              "Type": "System.Threading.CancellationToken"
            }
          ],
          "ReturnType": "System.Threading.Tasks.Task<T6>",
          "Virtual": true,
          "Override": true,
          "Visibility": "Protected",
          "GenericParameter": []
        },
        {
          "Kind": "Method",
          "Name": "FindTokenAsync",
          "Parameters": [
            {
              "Name": "user",
              "Type": "T0"
            },
            {
              "Name": "loginProvider",
              "Type": "System.String"
            },
            {
              "Name": "name",
              "Type": "System.String"
            },
            {
              "Name": "cancellationToken",
              "Type": "System.Threading.CancellationToken"
            }
          ],
          "ReturnType": "System.Threading.Tasks.Task<T7>",
          "Virtual": true,
          "Override": true,
          "Visibility": "Protected",
          "GenericParameter": []
        },
        {
          "Kind": "Method",
          "Name": "AddUserTokenAsync",
          "Parameters": [
            {
              "Name": "token",
              "Type": "T7"
            }
          ],
          "ReturnType": "System.Threading.Tasks.Task",
          "Virtual": true,
          "Override": true,
          "Visibility": "Protected",
          "GenericParameter": []
        },
        {
          "Kind": "Method",
          "Name": "RemoveUserTokenAsync",
          "Parameters": [
            {
              "Name": "token",
              "Type": "T7"
            }
          ],
          "ReturnType": "System.Threading.Tasks.Task",
          "Virtual": true,
          "Override": true,
          "Visibility": "Protected",
          "GenericParameter": []
        },
        {
          "Kind": "Constructor",
          "Name": ".ctor",
          "Parameters": [
            {
              "Name": "context",
              "Type": "T2"
            },
            {
              "Name": "describer",
              "Type": "Microsoft.AspNetCore.Identity.IdentityErrorDescriber",
              "DefaultValue": "null"
            }
          ],
          "Visibility": "Public",
          "GenericParameter": []
        }
      ],
      "GenericParameters": [
        {
          "ParameterName": "TUser",
          "ParameterPosition": 0,
          "BaseTypeOrInterfaces": [
            "Microsoft.AspNetCore.Identity.IdentityUser<T3>"
          ]
        },
        {
          "ParameterName": "TRole",
          "ParameterPosition": 1,
          "BaseTypeOrInterfaces": [
            "Microsoft.AspNetCore.Identity.IdentityRole<T3>"
          ]
        },
        {
          "ParameterName": "TContext",
          "ParameterPosition": 2,
          "BaseTypeOrInterfaces": [
            "Microsoft.EntityFrameworkCore.DbContext"
          ]
        },
        {
          "ParameterName": "TKey",
          "ParameterPosition": 3,
          "BaseTypeOrInterfaces": [
            "System.IEquatable<T3>"
          ]
        },
        {
          "ParameterName": "TUserClaim",
          "ParameterPosition": 4,
          "New": true,
          "BaseTypeOrInterfaces": [
            "Microsoft.AspNetCore.Identity.IdentityUserClaim<T3>"
          ]
        },
        {
          "ParameterName": "TUserRole",
          "ParameterPosition": 5,
          "New": true,
          "BaseTypeOrInterfaces": [
            "Microsoft.AspNetCore.Identity.IdentityUserRole<T3>"
          ]
        },
        {
          "ParameterName": "TUserLogin",
          "ParameterPosition": 6,
          "New": true,
          "BaseTypeOrInterfaces": [
            "Microsoft.AspNetCore.Identity.IdentityUserLogin<T3>"
          ]
        },
        {
          "ParameterName": "TUserToken",
          "ParameterPosition": 7,
          "New": true,
          "BaseTypeOrInterfaces": [
            "Microsoft.AspNetCore.Identity.IdentityUserToken<T3>"
          ]
        },
        {
          "ParameterName": "TRoleClaim",
          "ParameterPosition": 8,
          "New": true,
          "BaseTypeOrInterfaces": [
            "Microsoft.AspNetCore.Identity.IdentityRoleClaim<T3>"
          ]
        }
      ]
    }
  ]
}