{
  "AssemblyIdentity": "Microsoft.AspNetCore.Identity.Service.IntegratedWebClient, Version=2.1.1.0, Culture=neutral, PublicKeyToken=adb9793829ddae60",
  "Types": [
    {
      "Name": "Microsoft.AspNetCore.Identity.Service.IntegratedWebClient.EnableIntegratedWebClientAttribute",
      "Visibility": "Public",
      "Kind": "Class",
      "BaseType": "System.Attribute",
      "ImplementedInterfaces": [],
      "Members": [
        {
          "Kind": "Constructor",
          "Name": ".ctor",
          "Parameters": [],
          "Visibility": "Public",
          "GenericParameter": []
        }
      ],
      "GenericParameters": []
    },
    {
      "Name": "Microsoft.AspNetCore.Identity.Service.IntegratedWebClient.IntegratedWebClientRedirectFilter",
      "Visibility": "Public",
      "Kind": "Class",
      "ImplementedInterfaces": [
        "Microsoft.AspNetCore.Mvc.Filters.IActionFilter"
      ],
      "Members": [
        {
          "Kind": "Method",
          "Name": "OnActionExecuted",
          "Parameters": [
            {
              "Name": "context",
              "Type": "Microsoft.AspNetCore.Mvc.Filters.ActionExecutedContext"
            }
          ],
          "ReturnType": "System.Void",
          "Sealed": true,
          "Virtual": true,
          "ImplementedInterface": "Microsoft.AspNetCore.Mvc.Filters.IActionFilter",
          "Visibility": "Public",
          "GenericParameter": []
        },
        {
          "Kind": "Method",
          "Name": "OnActionExecuting",
          "Parameters": [
            {
              "Name": "context",
              "Type": "Microsoft.AspNetCore.Mvc.Filters.ActionExecutingContext"
            }
          ],
          "ReturnType": "System.Void",
          "Sealed": true,
          "Virtual": true,
          "ImplementedInterface": "Microsoft.AspNetCore.Mvc.Filters.IActionFilter",
          "Visibility": "Public",
          "GenericParameter": []
        },
        {
          "Kind": "Constructor",
          "Name": ".ctor",
          "Parameters": [
            {
              "Name": "webClientOptions",
              "Type": "Microsoft.Extensions.Options.IOptions<Microsoft.AspNetCore.Identity.Service.IntegratedWebClient.IntegratedWebClientOptions>"
            },
            {
              "Name": "parameters",
              "Type": "System.Collections.Generic.IEnumerable<System.String>"
            }
          ],
          "Visibility": "Public",
          "GenericParameter": []
        }
      ],
      "GenericParameters": []
    },
    {
      "Name": "Microsoft.AspNetCore.Identity.Service.IntegratedWebClient.WebApplicationConfiguration",
      "Visibility": "Public",
      "Kind": "Class",
      "ImplementedInterfaces": [
        "Microsoft.IdentityModel.Protocols.IConfigurationManager<Microsoft.IdentityModel.Protocols.OpenIdConnect.OpenIdConnectConfiguration>"
      ],
      "Members": [
        {
          "Kind": "Method",
          "Name": "GetConfigurationAsync",
          "Parameters": [
            {
              "Name": "cancel",
              "Type": "System.Threading.CancellationToken"
            }
          ],
          "ReturnType": "System.Threading.Tasks.Task<Microsoft.IdentityModel.Protocols.OpenIdConnect.OpenIdConnectConfiguration>",
          "Sealed": true,
          "Virtual": true,
          "ImplementedInterface": "Microsoft.IdentityModel.Protocols.IConfigurationManager<Microsoft.IdentityModel.Protocols.OpenIdConnect.OpenIdConnectConfiguration>",
          "Visibility": "Public",
          "GenericParameter": []
        },
        {
          "Kind": "Method",
          "Name": "RequestRefresh",
          "Parameters": [],
          "ReturnType": "System.Void",
          "Sealed": true,
          "Virtual": true,
          "ImplementedInterface": "Microsoft.IdentityModel.Protocols.IConfigurationManager<Microsoft.IdentityModel.Protocols.OpenIdConnect.OpenIdConnectConfiguration>",
          "Visibility": "Public",
          "GenericParameter": []
        },
        {
          "Kind": "Constructor",
          "Name": ".ctor",
          "Parameters": [
            {
              "Name": "options",
              "Type": "Microsoft.AspNetCore.Identity.Service.IntegratedWebClient.IntegratedWebClientOptions"
            },
            {
              "Name": "accessor",
              "Type": "Microsoft.AspNetCore.Http.IHttpContextAccessor"
            }
          ],
          "Visibility": "Public",
          "GenericParameter": []
        }
      ],
      "GenericParameters": []
    },
    {
      "Name": "Microsoft.AspNetCore.Identity.Service.IntegratedWebClient.IntegratedWebClientModelConvention",
      "Visibility": "Public",
      "Kind": "Class",
      "ImplementedInterfaces": [
        "Microsoft.AspNetCore.Mvc.ApplicationModels.IApplicationModelConvention"
      ],
      "Members": [
        {
          "Kind": "Method",
          "Name": "Apply",
          "Parameters": [
            {
              "Name": "application",
              "Type": "Microsoft.AspNetCore.Mvc.ApplicationModels.ApplicationModel"
            }
          ],
          "ReturnType": "System.Void",
          "Sealed": true,
          "Virtual": true,
          "ImplementedInterface": "Microsoft.AspNetCore.Mvc.ApplicationModels.IApplicationModelConvention",
          "Visibility": "Public",
          "GenericParameter": []
        },
        {
          "Kind": "Constructor",
          "Name": ".ctor",
          "Parameters": [
            {
              "Name": "webClientOptions",
              "Type": "Microsoft.Extensions.Options.IOptions<Microsoft.AspNetCore.Identity.Service.IntegratedWebClient.IntegratedWebClientOptions>"
            }
          ],
          "Visibility": "Public",
          "GenericParameter": []
        }
      ],
      "GenericParameters": []
    },
    {
      "Name": "Microsoft.AspNetCore.Identity.Service.IntegratedWebClient.IntegratedWebclientMvcOptionsSetup",
      "Visibility": "Public",
      "Kind": "Class",
      "ImplementedInterfaces": [
        "Microsoft.Extensions.Options.IConfigureOptions<Microsoft.AspNetCore.Mvc.MvcOptions>"
      ],
      "Members": [
        {
          "Kind": "Method",
          "Name": "Configure",
          "Parameters": [
            {
              "Name": "options",
              "Type": "Microsoft.AspNetCore.Mvc.MvcOptions"
            }
          ],
          "ReturnType": "System.Void",
          "Sealed": true,
          "Virtual": true,
          "ImplementedInterface": "Microsoft.Extensions.Options.IConfigureOptions<Microsoft.AspNetCore.Mvc.MvcOptions>",
          "Visibility": "Public",
          "GenericParameter": []
        },
        {
          "Kind": "Constructor",
          "Name": ".ctor",
          "Parameters": [
            {
              "Name": "webClientOptions",
              "Type": "Microsoft.Extensions.Options.IOptions<Microsoft.AspNetCore.Identity.Service.IntegratedWebClient.IntegratedWebClientOptions>"
            }
          ],
          "Visibility": "Public",
          "GenericParameter": []
        }
      ],
      "GenericParameters": []
    },
    {
      "Name": "Microsoft.AspNetCore.Identity.Service.IntegratedWebClient.IntegratedWebClientOpenIdConnectOptionsSetup",
      "Visibility": "Public",
      "Kind": "Class",
      "ImplementedInterfaces": [
        "Microsoft.Extensions.Options.IConfigureNamedOptions<Microsoft.AspNetCore.Authentication.OpenIdConnect.OpenIdConnectOptions>"
      ],
      "Members": [
        {
          "Kind": "Method",
          "Name": "Configure",
          "Parameters": [
            {
              "Name": "options",
              "Type": "Microsoft.AspNetCore.Authentication.OpenIdConnect.OpenIdConnectOptions"
            }
          ],
          "ReturnType": "System.Void",
          "Sealed": true,
          "Virtual": true,
          "ImplementedInterface": "Microsoft.Extensions.Options.IConfigureOptions<Microsoft.AspNetCore.Authentication.OpenIdConnect.OpenIdConnectOptions>",
          "Visibility": "Public",
          "GenericParameter": []
        },
        {
          "Kind": "Method",
          "Name": "Configure",
          "Parameters": [
            {
              "Name": "name",
              "Type": "System.String"
            },
            {
              "Name": "options",
              "Type": "Microsoft.AspNetCore.Authentication.OpenIdConnect.OpenIdConnectOptions"
            }
          ],
          "ReturnType": "System.Void",
          "Sealed": true,
          "Virtual": true,
          "ImplementedInterface": "Microsoft.Extensions.Options.IConfigureNamedOptions<Microsoft.AspNetCore.Authentication.OpenIdConnect.OpenIdConnectOptions>",
          "Visibility": "Public",
          "GenericParameter": []
        },
        {
          "Kind": "Constructor",
          "Name": ".ctor",
          "Parameters": [
            {
              "Name": "webApplicationOptions",
              "Type": "Microsoft.Extensions.Options.IOptions<Microsoft.AspNetCore.Identity.Service.IntegratedWebClient.IntegratedWebClientOptions>"
            },
            {
              "Name": "accessor",
              "Type": "Microsoft.AspNetCore.Http.IHttpContextAccessor"
            },
            {
              "Name": "keysProvider",
              "Type": "Microsoft.AspNetCore.Identity.Service.IKeySetMetadataProvider"
            }
          ],
          "Visibility": "Public",
          "GenericParameter": []
        }
      ],
      "GenericParameters": []
    },
    {
      "Name": "Microsoft.AspNetCore.Identity.Service.IntegratedWebClient.IntegratedWebClientOptions",
      "Visibility": "Public",
      "Kind": "Class",
      "ImplementedInterfaces": [],
      "Members": [
        {
          "Kind": "Method",
          "Name": "get_ClientId",
          "Parameters": [],
          "ReturnType": "System.String",
          "Visibility": "Public",
          "GenericParameter": []
        },
        {
          "Kind": "Method",
          "Name": "set_ClientId",
          "Parameters": [
            {
              "Name": "value",
              "Type": "System.String"
            }
          ],
          "ReturnType": "System.Void",
          "Visibility": "Public",
          "GenericParameter": []
        },
        {
          "Kind": "Method",
          "Name": "get_TokenRedirectUrn",
          "Parameters": [],
          "ReturnType": "System.String",
          "Visibility": "Public",
          "GenericParameter": []
        },
        {
          "Kind": "Method",
          "Name": "set_TokenRedirectUrn",
          "Parameters": [
            {
              "Name": "value",
              "Type": "System.String"
            }
          ],
          "ReturnType": "System.Void",
          "Visibility": "Public",
          "GenericParameter": []
        },
        {
          "Kind": "Method",
          "Name": "get_MetadataUri",
          "Parameters": [],
          "ReturnType": "System.String",
          "Visibility": "Public",
          "GenericParameter": []
        },
        {
          "Kind": "Method",
          "Name": "set_MetadataUri",
          "Parameters": [
            {
              "Name": "value",
              "Type": "System.String"
            }
          ],
          "ReturnType": "System.Void",
          "Visibility": "Public",
          "GenericParameter": []
        },
        {
          "Kind": "Method",
          "Name": "get_AuthorizationEndpoint",
          "Parameters": [],
          "ReturnType": "System.String",
          "Visibility": "Public",
          "GenericParameter": []
        },
        {
          "Kind": "Method",
          "Name": "set_AuthorizationEndpoint",
          "Parameters": [
            {
              "Name": "value",
              "Type": "System.String"
            }
          ],
          "ReturnType": "System.Void",
          "Visibility": "Public",
          "GenericParameter": []
        },
        {
          "Kind": "Method",
          "Name": "get_TokenEndpoint",
          "Parameters": [],
          "ReturnType": "System.String",
          "Visibility": "Public",
          "GenericParameter": []
        },
        {
          "Kind": "Method",
          "Name": "set_TokenEndpoint",
          "Parameters": [
            {
              "Name": "value",
              "Type": "System.String"
            }
          ],
          "ReturnType": "System.Void",
          "Visibility": "Public",
          "GenericParameter": []
        },
        {
          "Kind": "Method",
          "Name": "get_EndsSessionEndpoint",
          "Parameters": [],
          "ReturnType": "System.String",
          "Visibility": "Public",
          "GenericParameter": []
        },
        {
          "Kind": "Method",
          "Name": "set_EndsSessionEndpoint",
          "Parameters": [
            {
              "Name": "value",
              "Type": "System.String"
            }
          ],
          "ReturnType": "System.Void",
          "Visibility": "Public",
          "GenericParameter": []
        },
        {
          "Kind": "Method",
          "Name": "get_CookieSignInScheme",
          "Parameters": [],
          "ReturnType": "System.String",
          "Visibility": "Public",
          "GenericParameter": []
        },
        {
          "Kind": "Method",
          "Name": "set_CookieSignInScheme",
          "Parameters": [
            {
              "Name": "value",
              "Type": "System.String"
            }
          ],
          "ReturnType": "System.Void",
          "Visibility": "Public",
          "GenericParameter": []
        },
        {
          "Kind": "Constructor",
          "Name": ".ctor",
          "Parameters": [],
          "Visibility": "Public",
          "GenericParameter": []
        }
      ],
      "GenericParameters": []
    },
    {
      "Name": "Microsoft.AspNetCore.Identity.Service.IntegratedWebClient.IntegratedWebClientServiceCollectionExtensions",
      "Visibility": "Public",
      "Kind": "Class",
      "Abstract": true,
      "Static": true,
      "Sealed": true,
      "ImplementedInterfaces": [],
      "Members": [
        {
          "Kind": "Method",
          "Name": "WithIntegratedWebClient",
          "Parameters": [
            {
              "Name": "services",
              "Type": "Microsoft.Extensions.DependencyInjection.IServiceCollection"
            },
            {
              "Name": "action",
              "Type": "System.Action<Microsoft.AspNetCore.Identity.Service.IntegratedWebClient.IntegratedWebClientOptions>"
            }
          ],
          "ReturnType": "Microsoft.Extensions.DependencyInjection.IServiceCollection",
          "Static": true,
          "Extension": true,
          "Visibility": "Public",
          "GenericParameter": []
        },
        {
          "Kind": "Method",
          "Name": "WithIntegratedWebClient",
          "Parameters": [
            {
              "Name": "services",
              "Type": "Microsoft.Extensions.DependencyInjection.IServiceCollection"
            },
            {
              "Name": "configuration",
              "Type": "Microsoft.Extensions.Configuration.IConfiguration"
            }
          ],
          "ReturnType": "Microsoft.Extensions.DependencyInjection.IServiceCollection",
          "Static": true,
          "Extension": true,
          "Visibility": "Public",
          "GenericParameter": []
        },
        {
          "Kind": "Method",
          "Name": "WithIntegratedWebClient",
          "Parameters": [
            {
              "Name": "services",
              "Type": "Microsoft.Extensions.DependencyInjection.IServiceCollection"
            }
          ],
          "ReturnType": "Microsoft.Extensions.DependencyInjection.IServiceCollection",
          "Static": true,
          "Extension": true,
          "Visibility": "Public",
          "GenericParameter": []
        }
      ],
      "GenericParameters": []
    }
  ]
}