{
  "AssemblyIdentity": "Microsoft.AspNetCore.Identity.Service, Version=2.1.1.0, Culture=neutral, PublicKeyToken=adb9793829ddae60",
  "Types": [
    {
      "Name": "Microsoft.AspNetCore.Identity.Service.ApplicationClaimsPrincipalFactory<T0>",
      "Visibility": "Public",
      "Kind": "Class",
      "ImplementedInterfaces": [
        "Microsoft.AspNetCore.Identity.Service.IApplicationClaimsPrincipalFactory<T0>"
      ],
      "Members": [
        {
          "Kind": "Method",
          "Name": "get_ApplicationManager",
          "Parameters": [],
          "ReturnType": "Microsoft.AspNetCore.Identity.Service.ApplicationManager<T0>",
          "Visibility": "Public",
          "GenericParameter": []
        },
        {
          "Kind": "Method",
          "Name": "CreateAsync",
          "Parameters": [
            {
              "Name": "application",
              "Type": "T0"
            }
          ],
          "ReturnType": "System.Threading.Tasks.Task<System.Security.Claims.ClaimsPrincipal>",
          "Sealed": true,
          "Virtual": true,
          "ImplementedInterface": "Microsoft.AspNetCore.Identity.Service.IApplicationClaimsPrincipalFactory<T0>",
          "Visibility": "Public",
          "GenericParameter": []
        },
        {
          "Kind": "Constructor",
          "Name": ".ctor",
          "Parameters": [
            {
              "Name": "applicationManager",
              "Type": "Microsoft.AspNetCore.Identity.Service.ApplicationManager<T0>"
            }
          ],
          "Visibility": "Public",
          "GenericParameter": []
        }
      ],
      "GenericParameters": [
        {
          "ParameterName": "TApplication",
          "ParameterPosition": 0,
          "Class": true,
          "BaseTypeOrInterfaces": []
        }
      ]
    },
    {
      "Name": "Microsoft.AspNetCore.Identity.Service.ApplicationErrorDescriber",
      "Visibility": "Public",
      "Kind": "Class",
      "ImplementedInterfaces": [],
      "Members": [
        {
          "Kind": "Method",
          "Name": "InvalidApplicationName",
          "Parameters": [
            {
              "Name": "applicationName",
              "Type": "System.String"
            }
          ],
          "ReturnType": "Microsoft.AspNetCore.Identity.Service.IdentityServiceError",
          "Virtual": true,
          "Visibility": "Public",
          "GenericParameter": []
        },
        {
          "Kind": "Method",
          "Name": "DuplicateApplicationName",
          "Parameters": [
            {
              "Name": "applicationName",
              "Type": "System.String"
            }
          ],
          "ReturnType": "Microsoft.AspNetCore.Identity.Service.IdentityServiceError",
          "Virtual": true,
          "Visibility": "Public",
          "GenericParameter": []
        },
        {
          "Kind": "Method",
          "Name": "InvalidApplicationClientId",
          "Parameters": [
            {
              "Name": "clientId",
              "Type": "System.String"
            }
          ],
          "ReturnType": "Microsoft.AspNetCore.Identity.Service.IdentityServiceError",
          "Virtual": true,
          "Visibility": "Public",
          "GenericParameter": []
        },
        {
          "Kind": "Method",
          "Name": "DuplicateApplicationClientId",
          "Parameters": [
            {
              "Name": "clientId",
              "Type": "System.String"
            }
          ],
          "ReturnType": "Microsoft.AspNetCore.Identity.Service.IdentityServiceError",
          "Virtual": true,
          "Visibility": "Public",
          "GenericParameter": []
        },
        {
          "Kind": "Method",
          "Name": "DuplicateLogoutUri",
          "Parameters": [
            {
              "Name": "logoutUri",
              "Type": "System.String"
            }
          ],
          "ReturnType": "Microsoft.AspNetCore.Identity.Service.IdentityServiceError",
          "Virtual": true,
          "Visibility": "Public",
          "GenericParameter": []
        },
        {
          "Kind": "Method",
          "Name": "InvalidLogoutUri",
          "Parameters": [
            {
              "Name": "logoutUri",
              "Type": "System.String"
            }
          ],
          "ReturnType": "Microsoft.AspNetCore.Identity.Service.IdentityServiceError",
          "Virtual": true,
          "Visibility": "Public",
          "GenericParameter": []
        },
        {
          "Kind": "Method",
          "Name": "NoHttpsUri",
          "Parameters": [
            {
              "Name": "logoutUri",
              "Type": "System.String"
            }
          ],
          "ReturnType": "Microsoft.AspNetCore.Identity.Service.IdentityServiceError",
          "Virtual": true,
          "Visibility": "Public",
          "GenericParameter": []
        },
        {
          "Kind": "Method",
          "Name": "DifferentDomains",
          "Parameters": [],
          "ReturnType": "Microsoft.AspNetCore.Identity.Service.IdentityServiceError",
          "Virtual": true,
          "Visibility": "Public",
          "GenericParameter": []
        },
        {
          "Kind": "Method",
          "Name": "DuplicateRedirectUri",
          "Parameters": [
            {
              "Name": "redirectUri",
              "Type": "System.String"
            }
          ],
          "ReturnType": "Microsoft.AspNetCore.Identity.Service.IdentityServiceError",
          "Virtual": true,
          "Visibility": "Public",
          "GenericParameter": []
        },
        {
          "Kind": "Method",
          "Name": "InvalidRedirectUri",
          "Parameters": [
            {
              "Name": "redirectUri",
              "Type": "System.String"
            }
          ],
          "ReturnType": "Microsoft.AspNetCore.Identity.Service.IdentityServiceError",
          "Virtual": true,
          "Visibility": "Public",
          "GenericParameter": []
        },
        {
          "Kind": "Method",
          "Name": "InvalidScope",
          "Parameters": [
            {
              "Name": "scope",
              "Type": "System.String"
            }
          ],
          "ReturnType": "Microsoft.AspNetCore.Identity.Service.IdentityServiceError",
          "Virtual": true,
          "Visibility": "Public",
          "GenericParameter": []
        },
        {
          "Kind": "Method",
          "Name": "DuplicateScope",
          "Parameters": [
            {
              "Name": "scope",
              "Type": "System.String"
            }
          ],
          "ReturnType": "Microsoft.AspNetCore.Identity.Service.IdentityServiceError",
          "Virtual": true,
          "Visibility": "Public",
          "GenericParameter": []
        },
        {
          "Kind": "Method",
          "Name": "ApplicationAlreadyHasClientSecret",
          "Parameters": [],
          "ReturnType": "Microsoft.AspNetCore.Identity.Service.IdentityServiceError",
          "Virtual": true,
          "Visibility": "Public",
          "GenericParameter": []
        },
        {
          "Kind": "Method",
          "Name": "RedirectUriNotFound",
          "Parameters": [
            {
              "Name": "redirectUri",
              "Type": "System.String"
            }
          ],
          "ReturnType": "Microsoft.AspNetCore.Identity.Service.IdentityServiceError",
          "Virtual": true,
          "Visibility": "Public",
          "GenericParameter": []
        },
        {
          "Kind": "Method",
          "Name": "LogoutUriNotFound",
          "Parameters": [
            {
              "Name": "logoutUri",
              "Type": "System.String"
            }
          ],
          "ReturnType": "Microsoft.AspNetCore.Identity.Service.IdentityServiceError",
          "Virtual": true,
          "Visibility": "Public",
          "GenericParameter": []
        },
        {
          "Kind": "Method",
          "Name": "ConcurrencyFailure",
          "Parameters": [],
          "ReturnType": "Microsoft.AspNetCore.Identity.Service.IdentityServiceError",
          "Virtual": true,
          "Visibility": "Public",
          "GenericParameter": []
        },
        {
          "Kind": "Method",
          "Name": "ScopeNotFound",
          "Parameters": [
            {
              "Name": "scope",
              "Type": "System.String"
            }
          ],
          "ReturnType": "Microsoft.AspNetCore.Identity.Service.IdentityServiceError",
          "Virtual": true,
          "Visibility": "Public",
          "GenericParameter": []
        },
        {
          "Kind": "Constructor",
          "Name": ".ctor",
          "Parameters": [],
          "Visibility": "Public",
          "GenericParameter": []
        }
      ],
      "GenericParameters": []
    },
    {
      "Name": "Microsoft.AspNetCore.Identity.Service.ApplicationManager<T0>",
      "Visibility": "Public",
      "Kind": "Class",
      "ImplementedInterfaces": [
        "System.IDisposable"
      ],
      "Members": [
        {
          "Kind": "Method",
          "Name": "get_Options",
          "Parameters": [],
          "ReturnType": "Microsoft.AspNetCore.Identity.Service.ApplicationOptions",
          "Visibility": "Public",
          "GenericParameter": []
        },
        {
          "Kind": "Method",
          "Name": "get_Store",
          "Parameters": [],
          "ReturnType": "Microsoft.AspNetCore.Identity.Service.IApplicationStore<T0>",
          "Visibility": "Public",
          "GenericParameter": []
        },
        {
          "Kind": "Method",
          "Name": "set_Store",
          "Parameters": [
            {
              "Name": "value",
              "Type": "Microsoft.AspNetCore.Identity.Service.IApplicationStore<T0>"
            }
          ],
          "ReturnType": "System.Void",
          "Visibility": "Public",
          "GenericParameter": []
        },
        {
          "Kind": "Method",
          "Name": "get_PasswordHasher",
          "Parameters": [],
          "ReturnType": "Microsoft.AspNetCore.Identity.IPasswordHasher<T0>",
          "Visibility": "Public",
          "GenericParameter": []
        },
        {
          "Kind": "Method",
          "Name": "set_PasswordHasher",
          "Parameters": [
            {
              "Name": "value",
              "Type": "Microsoft.AspNetCore.Identity.IPasswordHasher<T0>"
            }
          ],
          "ReturnType": "System.Void",
          "Visibility": "Public",
          "GenericParameter": []
        },
        {
          "Kind": "Method",
          "Name": "get_ApplicationValidators",
          "Parameters": [],
          "ReturnType": "System.Collections.Generic.IEnumerable<Microsoft.AspNetCore.Identity.Service.IApplicationValidator<T0>>",
          "Visibility": "Public",
          "GenericParameter": []
        },
        {
          "Kind": "Method",
          "Name": "set_ApplicationValidators",
          "Parameters": [
            {
              "Name": "value",
              "Type": "System.Collections.Generic.IEnumerable<Microsoft.AspNetCore.Identity.Service.IApplicationValidator<T0>>"
            }
          ],
          "ReturnType": "System.Void",
          "Visibility": "Public",
          "GenericParameter": []
        },
        {
          "Kind": "Method",
          "Name": "get_ErrorDescriber",
          "Parameters": [],
          "ReturnType": "Microsoft.AspNetCore.Identity.Service.ApplicationErrorDescriber",
          "Visibility": "Public",
          "GenericParameter": []
        },
        {
          "Kind": "Method",
          "Name": "get_Logger",
          "Parameters": [],
          "ReturnType": "Microsoft.Extensions.Logging.ILogger<Microsoft.AspNetCore.Identity.Service.ApplicationManager<T0>>",
          "Visibility": "Public",
          "GenericParameter": []
        },
        {
          "Kind": "Method",
          "Name": "set_Logger",
          "Parameters": [
            {
              "Name": "value",
              "Type": "Microsoft.Extensions.Logging.ILogger<Microsoft.AspNetCore.Identity.Service.ApplicationManager<T0>>"
            }
          ],
          "ReturnType": "System.Void",
          "Visibility": "Public",
          "GenericParameter": []
        },
        {
          "Kind": "Method",
          "Name": "get_CancellationToken",
          "Parameters": [],
          "ReturnType": "System.Threading.CancellationToken",
          "Visibility": "Public",
          "GenericParameter": []
        },
        {
          "Kind": "Method",
          "Name": "set_CancellationToken",
          "Parameters": [
            {
              "Name": "value",
              "Type": "System.Threading.CancellationToken"
            }
          ],
          "ReturnType": "System.Void",
          "Visibility": "Public",
          "GenericParameter": []
        },
        {
          "Kind": "Method",
          "Name": "get_SupportsQueryableApplications",
          "Parameters": [],
          "ReturnType": "System.Boolean",
          "Virtual": true,
          "Visibility": "Public",
          "GenericParameter": []
        },
        {
          "Kind": "Method",
          "Name": "get_Applications",
          "Parameters": [],
          "ReturnType": "System.Linq.IQueryable<T0>",
          "Virtual": true,
          "Visibility": "Public",
          "GenericParameter": []
        },
        {
          "Kind": "Method",
          "Name": "FindByIdAsync",
          "Parameters": [
            {
              "Name": "applicationId",
              "Type": "System.String"
            }
          ],
          "ReturnType": "System.Threading.Tasks.Task<T0>",
          "Visibility": "Public",
          "GenericParameter": []
        },
        {
          "Kind": "Method",
          "Name": "GetApplicationIdAsync",
          "Parameters": [
            {
              "Name": "application",
              "Type": "T0"
            }
          ],
          "ReturnType": "System.Threading.Tasks.Task<System.String>",
          "Visibility": "Public",
          "GenericParameter": []
        },
        {
          "Kind": "Method",
          "Name": "FindByClientIdAsync",
          "Parameters": [
            {
              "Name": "clientId",
              "Type": "System.String"
            }
          ],
          "ReturnType": "System.Threading.Tasks.Task<T0>",
          "Visibility": "Public",
          "GenericParameter": []
        },
        {
          "Kind": "Method",
          "Name": "GetApplicationClientIdAsync",
          "Parameters": [
            {
              "Name": "application",
              "Type": "T0"
            }
          ],
          "ReturnType": "System.Threading.Tasks.Task<System.String>",
          "Visibility": "Public",
          "GenericParameter": []
        },
        {
          "Kind": "Method",
          "Name": "FindByNameAsync",
          "Parameters": [
            {
              "Name": "name",
              "Type": "System.String"
            }
          ],
          "ReturnType": "System.Threading.Tasks.Task<T0>",
          "Visibility": "Public",
          "GenericParameter": []
        },
        {
          "Kind": "Method",
          "Name": "GetApplicationNameAsync",
          "Parameters": [
            {
              "Name": "application",
              "Type": "T0"
            }
          ],
          "ReturnType": "System.Threading.Tasks.Task<System.String>",
          "Visibility": "Public",
          "GenericParameter": []
        },
        {
          "Kind": "Method",
          "Name": "SetApplicationNameAsync",
          "Parameters": [
            {
              "Name": "application",
              "Type": "T0"
            },
            {
              "Name": "name",
              "Type": "System.String"
            }
          ],
          "ReturnType": "System.Threading.Tasks.Task<Microsoft.AspNetCore.Identity.Service.IdentityServiceResult>",
          "Visibility": "Public",
          "GenericParameter": []
        },
        {
          "Kind": "Method",
          "Name": "CreateAsync",
          "Parameters": [
            {
              "Name": "application",
              "Type": "T0"
            }
          ],
          "ReturnType": "System.Threading.Tasks.Task<Microsoft.AspNetCore.Identity.Service.IdentityServiceResult>",
          "Virtual": true,
          "Visibility": "Public",
          "GenericParameter": []
        },
        {
          "Kind": "Method",
          "Name": "DeleteAsync",
          "Parameters": [
            {
              "Name": "application",
              "Type": "T0"
            }
          ],
          "ReturnType": "System.Threading.Tasks.Task<Microsoft.AspNetCore.Identity.Service.IdentityServiceResult>",
          "Virtual": true,
          "Visibility": "Public",
          "GenericParameter": []
        },
        {
          "Kind": "Method",
          "Name": "UpdateAsync",
          "Parameters": [
            {
              "Name": "application",
              "Type": "T0"
            }
          ],
          "ReturnType": "System.Threading.Tasks.Task<Microsoft.AspNetCore.Identity.Service.IdentityServiceResult>",
          "Virtual": true,
          "Visibility": "Public",
          "GenericParameter": []
        },
        {
          "Kind": "Method",
          "Name": "GenerateClientSecretAsync",
          "Parameters": [],
          "ReturnType": "System.Threading.Tasks.Task<System.String>",
          "Visibility": "Public",
          "GenericParameter": []
        },
        {
          "Kind": "Method",
          "Name": "HasClientSecretAsync",
          "Parameters": [
            {
              "Name": "application",
              "Type": "T0"
            }
          ],
          "ReturnType": "System.Threading.Tasks.Task<System.Boolean>",
          "Visibility": "Public",
          "GenericParameter": []
        },
        {
          "Kind": "Method",
          "Name": "AddClientSecretAsync",
          "Parameters": [
            {
              "Name": "application",
              "Type": "T0"
            },
            {
              "Name": "clientSecret",
              "Type": "System.String"
            }
          ],
          "ReturnType": "System.Threading.Tasks.Task<Microsoft.AspNetCore.Identity.Service.IdentityServiceResult>",
          "Visibility": "Public",
          "GenericParameter": []
        },
        {
          "Kind": "Method",
          "Name": "ChangeClientSecretAsync",
          "Parameters": [
            {
              "Name": "application",
              "Type": "T0"
            },
            {
              "Name": "newClientSecret",
              "Type": "System.String"
            }
          ],
          "ReturnType": "System.Threading.Tasks.Task<Microsoft.AspNetCore.Identity.Service.IdentityServiceResult>",
          "Visibility": "Public",
          "GenericParameter": []
        },
        {
          "Kind": "Method",
          "Name": "RemoveClientSecretAsync",
          "Parameters": [
            {
              "Name": "application",
              "Type": "T0"
            }
          ],
          "ReturnType": "System.Threading.Tasks.Task<Microsoft.AspNetCore.Identity.Service.IdentityServiceResult>",
          "Visibility": "Public",
          "GenericParameter": []
        },
        {
          "Kind": "Method",
          "Name": "ValidateClientCredentialsAsync",
          "Parameters": [
            {
              "Name": "clientId",
              "Type": "System.String"
            },
            {
              "Name": "clientSecret",
              "Type": "System.String"
            }
          ],
          "ReturnType": "System.Threading.Tasks.Task<System.Boolean>",
          "Visibility": "Public",
          "GenericParameter": []
        },
        {
          "Kind": "Method",
          "Name": "VerifyClientSecretAsync",
          "Parameters": [
            {
              "Name": "store",
              "Type": "Microsoft.AspNetCore.Identity.Service.IApplicationClientSecretStore<T0>"
            },
            {
              "Name": "application",
              "Type": "T0"
            },
            {
              "Name": "clientSecret",
              "Type": "System.String"
            }
          ],
          "ReturnType": "System.Threading.Tasks.Task<Microsoft.AspNetCore.Identity.PasswordVerificationResult>",
          "Virtual": true,
          "Visibility": "Protected",
          "GenericParameter": []
        },
        {
          "Kind": "Method",
          "Name": "FindRegisteredUrisAsync",
          "Parameters": [
            {
              "Name": "application",
              "Type": "T0"
            }
          ],
          "ReturnType": "System.Threading.Tasks.Task<System.Collections.Generic.IEnumerable<System.String>>",
          "Visibility": "Public",
          "GenericParameter": []
        },
        {
          "Kind": "Method",
          "Name": "RegisterRedirectUriAsync",
          "Parameters": [
            {
              "Name": "application",
              "Type": "T0"
            },
            {
              "Name": "redirectUri",
              "Type": "System.String"
            }
          ],
          "ReturnType": "System.Threading.Tasks.Task<Microsoft.AspNetCore.Identity.Service.IdentityServiceResult>",
          "Visibility": "Public",
          "GenericParameter": []
        },
        {
          "Kind": "Method",
          "Name": "UpdateRedirectUriAsync",
          "Parameters": [
            {
              "Name": "application",
              "Type": "T0"
            },
            {
              "Name": "oldRedirectUri",
              "Type": "System.String"
            },
            {
              "Name": "newRedirectUri",
              "Type": "System.String"
            }
          ],
          "ReturnType": "System.Threading.Tasks.Task<Microsoft.AspNetCore.Identity.Service.IdentityServiceResult>",
          "Visibility": "Public",
          "GenericParameter": []
        },
        {
          "Kind": "Method",
          "Name": "UnregisterRedirectUriAsync",
          "Parameters": [
            {
              "Name": "application",
              "Type": "T0"
            },
            {
              "Name": "redirectUri",
              "Type": "System.String"
            }
          ],
          "ReturnType": "System.Threading.Tasks.Task<Microsoft.AspNetCore.Identity.Service.IdentityServiceResult>",
          "Visibility": "Public",
          "GenericParameter": []
        },
        {
          "Kind": "Method",
          "Name": "FindRegisteredLogoutUrisAsync",
          "Parameters": [
            {
              "Name": "application",
              "Type": "T0"
            }
          ],
          "ReturnType": "System.Threading.Tasks.Task<System.Collections.Generic.IEnumerable<System.String>>",
          "Visibility": "Public",
          "GenericParameter": []
        },
        {
          "Kind": "Method",
          "Name": "RegisterLogoutUriAsync",
          "Parameters": [
            {
              "Name": "application",
              "Type": "T0"
            },
            {
              "Name": "logoutUri",
              "Type": "System.String"
            }
          ],
          "ReturnType": "System.Threading.Tasks.Task<Microsoft.AspNetCore.Identity.Service.IdentityServiceResult>",
          "Visibility": "Public",
          "GenericParameter": []
        },
        {
          "Kind": "Method",
          "Name": "UpdateLogoutUriAsync",
          "Parameters": [
            {
              "Name": "application",
              "Type": "T0"
            },
            {
              "Name": "oldLogoutUri",
              "Type": "System.String"
            },
            {
              "Name": "newLogoutUri",
              "Type": "System.String"
            }
          ],
          "ReturnType": "System.Threading.Tasks.Task<Microsoft.AspNetCore.Identity.Service.IdentityServiceResult>",
          "Visibility": "Public",
          "GenericParameter": []
        },
        {
          "Kind": "Method",
          "Name": "UnregisterLogoutUriAsync",
          "Parameters": [
            {
              "Name": "application",
              "Type": "T0"
            },
            {
              "Name": "logoutUri",
              "Type": "System.String"
            }
          ],
          "ReturnType": "System.Threading.Tasks.Task<Microsoft.AspNetCore.Identity.Service.IdentityServiceResult>",
          "Visibility": "Public",
          "GenericParameter": []
        },
        {
          "Kind": "Method",
          "Name": "FindScopesAsync",
          "Parameters": [
            {
              "Name": "application",
              "Type": "T0"
            }
          ],
          "ReturnType": "System.Threading.Tasks.Task<System.Collections.Generic.IEnumerable<System.String>>",
          "Visibility": "Public",
          "GenericParameter": []
        },
        {
          "Kind": "Method",
          "Name": "AddScopeAsync",
          "Parameters": [
            {
              "Name": "application",
              "Type": "T0"
            },
            {
              "Name": "scope",
              "Type": "System.String"
            }
          ],
          "ReturnType": "System.Threading.Tasks.Task<Microsoft.AspNetCore.Identity.Service.IdentityServiceResult>",
          "Visibility": "Public",
          "GenericParameter": []
        },
        {
          "Kind": "Method",
          "Name": "UpdateScopeAsync",
          "Parameters": [
            {
              "Name": "application",
              "Type": "T0"
            },
            {
              "Name": "oldScope",
              "Type": "System.String"
            },
            {
              "Name": "newScope",
              "Type": "System.String"
            }
          ],
          "ReturnType": "System.Threading.Tasks.Task<Microsoft.AspNetCore.Identity.Service.IdentityServiceResult>",
          "Visibility": "Public",
          "GenericParameter": []
        },
        {
          "Kind": "Method",
          "Name": "RemoveScopeAsync",
          "Parameters": [
            {
              "Name": "application",
              "Type": "T0"
            },
            {
              "Name": "scope",
              "Type": "System.String"
            }
          ],
          "ReturnType": "System.Threading.Tasks.Task<Microsoft.AspNetCore.Identity.Service.IdentityServiceResult>",
          "Visibility": "Public",
          "GenericParameter": []
        },
        {
          "Kind": "Method",
          "Name": "AddClaimAsync",
          "Parameters": [
            {
              "Name": "application",
              "Type": "T0"
            },
            {
              "Name": "claim",
              "Type": "System.Security.Claims.Claim"
            }
          ],
          "ReturnType": "System.Threading.Tasks.Task<Microsoft.AspNetCore.Identity.Service.IdentityServiceResult>",
          "Virtual": true,
          "Visibility": "Public",
          "GenericParameter": []
        },
        {
          "Kind": "Method",
          "Name": "AddClaimsAsync",
          "Parameters": [
            {
              "Name": "application",
              "Type": "T0"
            },
            {
              "Name": "claims",
              "Type": "System.Collections.Generic.IEnumerable<System.Security.Claims.Claim>"
            }
          ],
          "ReturnType": "System.Threading.Tasks.Task<Microsoft.AspNetCore.Identity.Service.IdentityServiceResult>",
          "Virtual": true,
          "Visibility": "Public",
          "GenericParameter": []
        },
        {
          "Kind": "Method",
          "Name": "ReplaceClaimAsync",
          "Parameters": [
            {
              "Name": "application",
              "Type": "T0"
            },
            {
              "Name": "claim",
              "Type": "System.Security.Claims.Claim"
            },
            {
              "Name": "newClaim",
              "Type": "System.Security.Claims.Claim"
            }
          ],
          "ReturnType": "System.Threading.Tasks.Task<Microsoft.AspNetCore.Identity.Service.IdentityServiceResult>",
          "Virtual": true,
          "Visibility": "Public",
          "GenericParameter": []
        },
        {
          "Kind": "Method",
          "Name": "RemoveClaimAsync",
          "Parameters": [
            {
              "Name": "application",
              "Type": "T0"
            },
            {
              "Name": "claim",
              "Type": "System.Security.Claims.Claim"
            }
          ],
          "ReturnType": "System.Threading.Tasks.Task<Microsoft.AspNetCore.Identity.Service.IdentityServiceResult>",
          "Virtual": true,
          "Visibility": "Public",
          "GenericParameter": []
        },
        {
          "Kind": "Method",
          "Name": "RemoveClaimsAsync",
          "Parameters": [
            {
              "Name": "application",
              "Type": "T0"
            },
            {
              "Name": "claims",
              "Type": "System.Collections.Generic.IEnumerable<System.Security.Claims.Claim>"
            }
          ],
          "ReturnType": "System.Threading.Tasks.Task<Microsoft.AspNetCore.Identity.Service.IdentityServiceResult>",
          "Virtual": true,
          "Visibility": "Public",
          "GenericParameter": []
        },
        {
          "Kind": "Method",
          "Name": "GetClaimsAsync",
          "Parameters": [
            {
              "Name": "application",
              "Type": "T0"
            }
          ],
          "ReturnType": "System.Threading.Tasks.Task<System.Collections.Generic.IList<System.Security.Claims.Claim>>",
          "Virtual": true,
          "Visibility": "Public",
          "GenericParameter": []
        },
        {
          "Kind": "Method",
          "Name": "ThrowIfDisposed",
          "Parameters": [],
          "ReturnType": "System.Void",
          "Visibility": "Protected",
          "GenericParameter": []
        },
        {
          "Kind": "Method",
          "Name": "Dispose",
          "Parameters": [],
          "ReturnType": "System.Void",
          "Sealed": true,
          "Virtual": true,
          "ImplementedInterface": "System.IDisposable",
          "Visibility": "Public",
          "GenericParameter": []
        },
        {
          "Kind": "Constructor",
          "Name": ".ctor",
          "Parameters": [
            {
              "Name": "options",
              "Type": "Microsoft.Extensions.Options.IOptions<Microsoft.AspNetCore.Identity.Service.ApplicationOptions>"
            },
            {
              "Name": "store",
              "Type": "Microsoft.AspNetCore.Identity.Service.IApplicationStore<T0>"
            },
            {
              "Name": "passwordHasher",
              "Type": "Microsoft.AspNetCore.Identity.IPasswordHasher<T0>"
            },
            {
              "Name": "applicationValidators",
              "Type": "System.Collections.Generic.IEnumerable<Microsoft.AspNetCore.Identity.Service.IApplicationValidator<T0>>"
            },
            {
              "Name": "logger",
              "Type": "Microsoft.Extensions.Logging.ILogger<Microsoft.AspNetCore.Identity.Service.ApplicationManager<T0>>"
            },
            {
              "Name": "errorDescriber",
              "Type": "Microsoft.AspNetCore.Identity.Service.ApplicationErrorDescriber"
            }
          ],
          "Visibility": "Public",
          "GenericParameter": []
        }
      ],
      "GenericParameters": [
        {
          "ParameterName": "TApplication",
          "ParameterPosition": 0,
          "Class": true,
          "BaseTypeOrInterfaces": []
        }
      ]
    },
    {
      "Name": "Microsoft.AspNetCore.Identity.Service.ApplicationOptions",
      "Visibility": "Public",
      "Kind": "Class",
      "ImplementedInterfaces": [],
      "Members": [
        {
          "Kind": "Method",
          "Name": "get_AllowedNameCharacters",
          "Parameters": [],
          "ReturnType": "System.String",
          "Visibility": "Public",
          "GenericParameter": []
        },
        {
          "Kind": "Method",
          "Name": "set_AllowedNameCharacters",
          "Parameters": [
            {
              "Name": "value",
              "Type": "System.String"
            }
          ],
          "ReturnType": "System.Void",
          "Visibility": "Public",
          "GenericParameter": []
        },
        {
          "Kind": "Method",
          "Name": "get_MaxApplicationNameLength",
          "Parameters": [],
          "ReturnType": "System.Nullable<System.Int32>",
          "Visibility": "Public",
          "GenericParameter": []
        },
        {
          "Kind": "Method",
          "Name": "set_MaxApplicationNameLength",
          "Parameters": [
            {
              "Name": "value",
              "Type": "System.Nullable<System.Int32>"
            }
          ],
          "ReturnType": "System.Void",
          "Visibility": "Public",
          "GenericParameter": []
        },
        {
          "Kind": "Method",
          "Name": "get_AllowedClientIdCharacters",
          "Parameters": [],
          "ReturnType": "System.String",
          "Visibility": "Public",
          "GenericParameter": []
        },
        {
          "Kind": "Method",
          "Name": "set_AllowedClientIdCharacters",
          "Parameters": [
            {
              "Name": "value",
              "Type": "System.String"
            }
          ],
          "ReturnType": "System.Void",
          "Visibility": "Public",
          "GenericParameter": []
        },
        {
          "Kind": "Method",
          "Name": "get_MaxClientIdLength",
          "Parameters": [],
          "ReturnType": "System.Nullable<System.Int32>",
          "Visibility": "Public",
          "GenericParameter": []
        },
        {
          "Kind": "Method",
          "Name": "set_MaxClientIdLength",
          "Parameters": [
            {
              "Name": "value",
              "Type": "System.Nullable<System.Int32>"
            }
          ],
          "ReturnType": "System.Void",
          "Visibility": "Public",
          "GenericParameter": []
        },
        {
          "Kind": "Method",
          "Name": "get_AllowedScopeCharacters",
          "Parameters": [],
          "ReturnType": "System.String",
          "Visibility": "Public",
          "GenericParameter": []
        },
        {
          "Kind": "Method",
          "Name": "set_AllowedScopeCharacters",
          "Parameters": [
            {
              "Name": "value",
              "Type": "System.String"
            }
          ],
          "ReturnType": "System.Void",
          "Visibility": "Public",
          "GenericParameter": []
        },
        {
          "Kind": "Method",
          "Name": "get_MaxScopeLength",
          "Parameters": [],
          "ReturnType": "System.Nullable<System.Int32>",
          "Visibility": "Public",
          "GenericParameter": []
        },
        {
          "Kind": "Method",
          "Name": "set_MaxScopeLength",
          "Parameters": [
            {
              "Name": "value",
              "Type": "System.Nullable<System.Int32>"
            }
          ],
          "ReturnType": "System.Void",
          "Visibility": "Public",
          "GenericParameter": []
        },
        {
          "Kind": "Method",
          "Name": "get_AllowedRedirectUris",
          "Parameters": [],
          "ReturnType": "System.Collections.Generic.IList<System.String>",
          "Visibility": "Public",
          "GenericParameter": []
        },
        {
          "Kind": "Method",
          "Name": "set_AllowedRedirectUris",
          "Parameters": [
            {
              "Name": "value",
              "Type": "System.Collections.Generic.IList<System.String>"
            }
          ],
          "ReturnType": "System.Void",
          "Visibility": "Public",
          "GenericParameter": []
        },
        {
          "Kind": "Method",
          "Name": "get_AllowedLogoutUris",
          "Parameters": [],
          "ReturnType": "System.Collections.Generic.IList<System.String>",
          "Visibility": "Public",
          "GenericParameter": []
        },
        {
          "Kind": "Method",
          "Name": "set_AllowedLogoutUris",
          "Parameters": [
            {
              "Name": "value",
              "Type": "System.Collections.Generic.IList<System.String>"
            }
          ],
          "ReturnType": "System.Void",
          "Visibility": "Public",
          "GenericParameter": []
        },
        {
          "Kind": "Constructor",
          "Name": ".ctor",
          "Parameters": [],
          "Visibility": "Public",
          "GenericParameter": []
        }
      ],
      "GenericParameters": []
    },
    {
      "Name": "Microsoft.AspNetCore.Identity.Service.ApplicationValidator<T0>",
      "Visibility": "Public",
      "Kind": "Class",
      "ImplementedInterfaces": [
        "Microsoft.AspNetCore.Identity.Service.IApplicationValidator<T0>"
      ],
      "Members": [
        {
          "Kind": "Method",
          "Name": "get_ErrorDescriber",
          "Parameters": [],
          "ReturnType": "Microsoft.AspNetCore.Identity.Service.ApplicationErrorDescriber",
          "Visibility": "Public",
          "GenericParameter": []
        },
        {
          "Kind": "Method",
          "Name": "ValidateAsync",
          "Parameters": [
            {
              "Name": "manager",
              "Type": "Microsoft.AspNetCore.Identity.Service.ApplicationManager<T0>"
            },
            {
              "Name": "application",
              "Type": "T0"
            }
          ],
          "ReturnType": "System.Threading.Tasks.Task<Microsoft.AspNetCore.Identity.Service.IdentityServiceResult>",
          "Sealed": true,
          "Virtual": true,
          "ImplementedInterface": "Microsoft.AspNetCore.Identity.Service.IApplicationValidator<T0>",
          "Visibility": "Public",
          "GenericParameter": []
        },
        {
          "Kind": "Method",
          "Name": "ValidateLogoutUriAsync",
          "Parameters": [
            {
              "Name": "manager",
              "Type": "Microsoft.AspNetCore.Identity.Service.ApplicationManager<T0>"
            },
            {
              "Name": "application",
              "Type": "T0"
            },
            {
              "Name": "logoutUri",
              "Type": "System.String"
            }
          ],
          "ReturnType": "System.Threading.Tasks.Task<Microsoft.AspNetCore.Identity.Service.IdentityServiceResult>",
          "Sealed": true,
          "Virtual": true,
          "ImplementedInterface": "Microsoft.AspNetCore.Identity.Service.IApplicationValidator<T0>",
          "Visibility": "Public",
          "GenericParameter": []
        },
        {
          "Kind": "Method",
          "Name": "ValidateRedirectUriAsync",
          "Parameters": [
            {
              "Name": "manager",
              "Type": "Microsoft.AspNetCore.Identity.Service.ApplicationManager<T0>"
            },
            {
              "Name": "application",
              "Type": "T0"
            },
            {
              "Name": "redirectUri",
              "Type": "System.String"
            }
          ],
          "ReturnType": "System.Threading.Tasks.Task<Microsoft.AspNetCore.Identity.Service.IdentityServiceResult>",
          "Sealed": true,
          "Virtual": true,
          "ImplementedInterface": "Microsoft.AspNetCore.Identity.Service.IApplicationValidator<T0>",
          "Visibility": "Public",
          "GenericParameter": []
        },
        {
          "Kind": "Method",
          "Name": "ValidateScopeAsync",
          "Parameters": [
            {
              "Name": "manager",
              "Type": "Microsoft.AspNetCore.Identity.Service.ApplicationManager<T0>"
            },
            {
              "Name": "application",
              "Type": "T0"
            },
            {
              "Name": "scope",
              "Type": "System.String"
            }
          ],
          "ReturnType": "System.Threading.Tasks.Task<Microsoft.AspNetCore.Identity.Service.IdentityServiceResult>",
          "Sealed": true,
          "Virtual": true,
          "ImplementedInterface": "Microsoft.AspNetCore.Identity.Service.IApplicationValidator<T0>",
          "Visibility": "Public",
          "GenericParameter": []
        },
        {
          "Kind": "Method",
          "Name": "ValidateClaimAsync",
          "Parameters": [
            {
              "Name": "manager",
              "Type": "Microsoft.AspNetCore.Identity.Service.ApplicationManager<T0>"
            },
            {
              "Name": "application",
              "Type": "T0"
            },
            {
              "Name": "claim",
              "Type": "System.Security.Claims.Claim"
            }
          ],
          "ReturnType": "System.Threading.Tasks.Task<Microsoft.AspNetCore.Identity.Service.IdentityServiceResult>",
          "Sealed": true,
          "Virtual": true,
          "ImplementedInterface": "Microsoft.AspNetCore.Identity.Service.IApplicationValidator<T0>",
          "Visibility": "Public",
          "GenericParameter": []
        },
        {
          "Kind": "Constructor",
          "Name": ".ctor",
          "Parameters": [
            {
              "Name": "errorDescriber",
              "Type": "Microsoft.AspNetCore.Identity.Service.ApplicationErrorDescriber"
            }
          ],
          "Visibility": "Public",
          "GenericParameter": []
        }
      ],
      "GenericParameters": [
        {
          "ParameterName": "TApplication",
          "ParameterPosition": 0,
          "Class": true,
          "BaseTypeOrInterfaces": []
        }
      ]
    },
    {
      "Name": "Microsoft.AspNetCore.Identity.Service.AuthorizationStatus",
      "Visibility": "Public",
      "Kind": "Enumeration",
      "Sealed": true,
      "ImplementedInterfaces": [],
      "Members": [
        {
          "Kind": "Field",
          "Name": "Forbidden",
          "Parameters": [],
          "GenericParameter": [],
          "Literal": "0"
        },
        {
          "Kind": "Field",
          "Name": "LoginRequired",
          "Parameters": [],
          "GenericParameter": [],
          "Literal": "1"
        },
        {
          "Kind": "Field",
          "Name": "Authorized",
          "Parameters": [],
          "GenericParameter": [],
          "Literal": "2"
        }
      ],
      "GenericParameters": []
    },
    {
      "Name": "Microsoft.AspNetCore.Identity.Service.AuthorizeResult",
      "Visibility": "Public",
      "Kind": "Class",
      "ImplementedInterfaces": [],
      "Members": [
        {
          "Kind": "Method",
          "Name": "Forbidden",
          "Parameters": [
            {
              "Name": "error",
              "Type": "Microsoft.AspNetCore.Identity.Service.AuthorizationRequestError"
            }
          ],
          "ReturnType": "Microsoft.AspNetCore.Identity.Service.AuthorizeResult",
          "Static": true,
          "Visibility": "Public",
          "GenericParameter": []
        },
        {
          "Kind": "Method",
          "Name": "Authorized",
          "Parameters": [
            {
              "Name": "user",
              "Type": "System.Security.Claims.ClaimsPrincipal"
            },
            {
              "Name": "application",
              "Type": "System.Security.Claims.ClaimsPrincipal"
            }
          ],
          "ReturnType": "Microsoft.AspNetCore.Identity.Service.AuthorizeResult",
          "Static": true,
          "Visibility": "Public",
          "GenericParameter": []
        },
        {
          "Kind": "Method",
          "Name": "LoginRequired",
          "Parameters": [],
          "ReturnType": "Microsoft.AspNetCore.Identity.Service.AuthorizeResult",
          "Static": true,
          "Visibility": "Public",
          "GenericParameter": []
        },
        {
          "Kind": "Method",
          "Name": "get_Status",
          "Parameters": [],
          "ReturnType": "Microsoft.AspNetCore.Identity.Service.AuthorizationStatus",
          "Visibility": "Public",
          "GenericParameter": []
        },
        {
          "Kind": "Method",
          "Name": "set_Status",
          "Parameters": [
            {
              "Name": "value",
              "Type": "Microsoft.AspNetCore.Identity.Service.AuthorizationStatus"
            }
          ],
          "ReturnType": "System.Void",
          "Visibility": "Public",
          "GenericParameter": []
        },
        {
          "Kind": "Method",
          "Name": "get_Error",
          "Parameters": [],
          "ReturnType": "Microsoft.AspNetCore.Identity.Service.AuthorizationRequestError",
          "Visibility": "Public",
          "GenericParameter": []
        },
        {
          "Kind": "Method",
          "Name": "set_Error",
          "Parameters": [
            {
              "Name": "value",
              "Type": "Microsoft.AspNetCore.Identity.Service.AuthorizationRequestError"
            }
          ],
          "ReturnType": "System.Void",
          "Visibility": "Public",
          "GenericParameter": []
        },
        {
          "Kind": "Method",
          "Name": "get_User",
          "Parameters": [],
          "ReturnType": "System.Security.Claims.ClaimsPrincipal",
          "Visibility": "Public",
          "GenericParameter": []
        },
        {
          "Kind": "Method",
          "Name": "set_User",
          "Parameters": [
            {
              "Name": "value",
              "Type": "System.Security.Claims.ClaimsPrincipal"
            }
          ],
          "ReturnType": "System.Void",
          "Visibility": "Public",
          "GenericParameter": []
        },
        {
          "Kind": "Method",
          "Name": "get_Application",
          "Parameters": [],
          "ReturnType": "System.Security.Claims.ClaimsPrincipal",
          "Visibility": "Public",
          "GenericParameter": []
        },
        {
          "Kind": "Method",
          "Name": "set_Application",
          "Parameters": [
            {
              "Name": "value",
              "Type": "System.Security.Claims.ClaimsPrincipal"
            }
          ],
          "ReturnType": "System.Void",
          "Visibility": "Public",
          "GenericParameter": []
        }
      ],
      "GenericParameters": []
    },
    {
      "Name": "Microsoft.AspNetCore.Identity.Service.ClientApplicationValidator<T0>",
      "Visibility": "Public",
      "Kind": "Class",
      "ImplementedInterfaces": [
        "Microsoft.AspNetCore.Identity.Service.IClientIdValidator",
        "Microsoft.AspNetCore.Identity.Service.IRedirectUriResolver",
        "Microsoft.AspNetCore.Identity.Service.IScopeResolver"
      ],
      "Members": [
        {
          "Kind": "Method",
          "Name": "ValidateClientCredentialsAsync",
          "Parameters": [
            {
              "Name": "clientId",
              "Type": "System.String"
            },
            {
              "Name": "clientSecret",
              "Type": "System.String"
            }
          ],
          "ReturnType": "System.Threading.Tasks.Task<System.Boolean>",
          "Sealed": true,
          "Virtual": true,
          "ImplementedInterface": "Microsoft.AspNetCore.Identity.Service.IClientIdValidator",
          "Visibility": "Public",
          "GenericParameter": []
        },
        {
          "Kind": "Method",
          "Name": "ValidateClientIdAsync",
          "Parameters": [
            {
              "Name": "clientId",
              "Type": "System.String"
            }
          ],
          "ReturnType": "System.Threading.Tasks.Task<System.Boolean>",
          "Sealed": true,
          "Virtual": true,
          "ImplementedInterface": "Microsoft.AspNetCore.Identity.Service.IClientIdValidator",
          "Visibility": "Public",
          "GenericParameter": []
        },
        {
          "Kind": "Method",
          "Name": "ResolveLogoutUriAsync",
          "Parameters": [
            {
              "Name": "clientId",
              "Type": "System.String"
            },
            {
              "Name": "logoutUrl",
              "Type": "System.String"
            }
          ],
          "ReturnType": "System.Threading.Tasks.Task<Microsoft.AspNetCore.Identity.Service.RedirectUriResolutionResult>",
          "Sealed": true,
          "Virtual": true,
          "ImplementedInterface": "Microsoft.AspNetCore.Identity.Service.IRedirectUriResolver",
          "Visibility": "Public",
          "GenericParameter": []
        },
        {
          "Kind": "Method",
          "Name": "ResolveRedirectUriAsync",
          "Parameters": [
            {
              "Name": "clientId",
              "Type": "System.String"
            },
            {
              "Name": "redirectUrl",
              "Type": "System.String"
            }
          ],
          "ReturnType": "System.Threading.Tasks.Task<Microsoft.AspNetCore.Identity.Service.RedirectUriResolutionResult>",
          "Sealed": true,
          "Virtual": true,
          "ImplementedInterface": "Microsoft.AspNetCore.Identity.Service.IRedirectUriResolver",
          "Visibility": "Public",
          "GenericParameter": []
        },
        {
          "Kind": "Method",
          "Name": "ResolveScopesAsync",
          "Parameters": [
            {
              "Name": "clientId",
              "Type": "System.String"
            },
            {
              "Name": "scopes",
              "Type": "System.Collections.Generic.IEnumerable<System.String>"
            }
          ],
          "ReturnType": "System.Threading.Tasks.Task<Microsoft.AspNetCore.Identity.Service.ScopeResolutionResult>",
          "Sealed": true,
          "Virtual": true,
          "ImplementedInterface": "Microsoft.AspNetCore.Identity.Service.IScopeResolver",
          "Visibility": "Public",
          "GenericParameter": []
        },
        {
          "Kind": "Constructor",
          "Name": ".ctor",
          "Parameters": [
            {
              "Name": "options",
              "Type": "Microsoft.Extensions.Options.IOptions<Microsoft.AspNetCore.Identity.Service.IdentityServiceOptions>"
            },
            {
              "Name": "sessionManager",
              "Type": "Microsoft.AspNetCore.Identity.Service.SessionManager"
            },
            {
              "Name": "applicationManager",
              "Type": "Microsoft.AspNetCore.Identity.Service.ApplicationManager<T0>"
            },
            {
              "Name": "errorProvider",
              "Type": "Microsoft.AspNetCore.Identity.Service.ProtocolErrorProvider"
            }
          ],
          "Visibility": "Public",
          "GenericParameter": []
        }
      ],
      "GenericParameters": [
        {
          "ParameterName": "TApplication",
          "ParameterPosition": 0,
          "Class": true,
          "BaseTypeOrInterfaces": []
        }
      ]
    },
    {
      "Name": "Microsoft.AspNetCore.Identity.Service.IApplicationClaimsPrincipalFactory<T0>",
      "Visibility": "Public",
      "Kind": "Interface",
      "Abstract": true,
      "ImplementedInterfaces": [],
      "Members": [
        {
          "Kind": "Method",
          "Name": "CreateAsync",
          "Parameters": [
            {
              "Name": "application",
              "Type": "T0"
            }
          ],
          "ReturnType": "System.Threading.Tasks.Task<System.Security.Claims.ClaimsPrincipal>",
          "GenericParameter": []
        }
      ],
      "GenericParameters": [
        {
          "ParameterName": "TApplication",
          "ParameterPosition": 0,
          "BaseTypeOrInterfaces": []
        }
      ]
    },
    {
      "Name": "Microsoft.AspNetCore.Identity.Service.IApplicationClaimStore<T0>",
      "Visibility": "Public",
      "Kind": "Interface",
      "Abstract": true,
      "ImplementedInterfaces": [
        "Microsoft.AspNetCore.Identity.Service.IApplicationStore<T0>"
      ],
      "Members": [
        {
          "Kind": "Method",
          "Name": "GetClaimsAsync",
          "Parameters": [
            {
              "Name": "application",
              "Type": "T0"
            },
            {
              "Name": "cancellationToken",
              "Type": "System.Threading.CancellationToken"
            }
          ],
          "ReturnType": "System.Threading.Tasks.Task<System.Collections.Generic.IList<System.Security.Claims.Claim>>",
          "GenericParameter": []
        },
        {
          "Kind": "Method",
          "Name": "AddClaimsAsync",
          "Parameters": [
            {
              "Name": "application",
              "Type": "T0"
            },
            {
              "Name": "claims",
              "Type": "System.Collections.Generic.IEnumerable<System.Security.Claims.Claim>"
            },
            {
              "Name": "cancellationToken",
              "Type": "System.Threading.CancellationToken"
            }
          ],
          "ReturnType": "System.Threading.Tasks.Task",
          "GenericParameter": []
        },
        {
          "Kind": "Method",
          "Name": "ReplaceClaimAsync",
          "Parameters": [
            {
              "Name": "application",
              "Type": "T0"
            },
            {
              "Name": "claim",
              "Type": "System.Security.Claims.Claim"
            },
            {
              "Name": "newClaim",
              "Type": "System.Security.Claims.Claim"
            },
            {
              "Name": "cancellationToken",
              "Type": "System.Threading.CancellationToken"
            }
          ],
          "ReturnType": "System.Threading.Tasks.Task",
          "GenericParameter": []
        },
        {
          "Kind": "Method",
          "Name": "RemoveClaimsAsync",
          "Parameters": [
            {
              "Name": "application",
              "Type": "T0"
            },
            {
              "Name": "claims",
              "Type": "System.Collections.Generic.IEnumerable<System.Security.Claims.Claim>"
            },
            {
              "Name": "cancellationToken",
              "Type": "System.Threading.CancellationToken"
            }
          ],
          "ReturnType": "System.Threading.Tasks.Task",
          "GenericParameter": []
        }
      ],
      "GenericParameters": [
        {
          "ParameterName": "TApplication",
          "ParameterPosition": 0,
          "Class": true,
          "BaseTypeOrInterfaces": []
        }
      ]
    },
    {
      "Name": "Microsoft.AspNetCore.Identity.Service.IApplicationClientSecretStore<T0>",
      "Visibility": "Public",
      "Kind": "Interface",
      "Abstract": true,
      "ImplementedInterfaces": [
        "Microsoft.AspNetCore.Identity.Service.IApplicationStore<T0>"
      ],
      "Members": [
        {
          "Kind": "Method",
          "Name": "SetClientSecretHashAsync",
          "Parameters": [
            {
              "Name": "application",
              "Type": "T0"
            },
            {
              "Name": "clientSecretHash",
              "Type": "System.String"
            },
            {
              "Name": "cancellationToken",
              "Type": "System.Threading.CancellationToken"
            }
          ],
          "ReturnType": "System.Threading.Tasks.Task",
          "GenericParameter": []
        },
        {
          "Kind": "Method",
          "Name": "GetClientSecretHashAsync",
          "Parameters": [
            {
              "Name": "application",
              "Type": "T0"
            },
            {
              "Name": "cancellationToken",
              "Type": "System.Threading.CancellationToken"
            }
          ],
          "ReturnType": "System.Threading.Tasks.Task<System.String>",
          "GenericParameter": []
        },
        {
          "Kind": "Method",
          "Name": "HasClientSecretAsync",
          "Parameters": [
            {
              "Name": "application",
              "Type": "T0"
            },
            {
              "Name": "cancellationToken",
              "Type": "System.Threading.CancellationToken"
            }
          ],
          "ReturnType": "System.Threading.Tasks.Task<System.Boolean>",
          "GenericParameter": []
        }
      ],
      "GenericParameters": [
        {
          "ParameterName": "TApplication",
          "ParameterPosition": 0,
          "Class": true,
          "BaseTypeOrInterfaces": []
        }
      ]
    },
    {
      "Name": "Microsoft.AspNetCore.Identity.Service.IApplicationScopeStore<T0>",
      "Visibility": "Public",
      "Kind": "Interface",
      "Abstract": true,
      "ImplementedInterfaces": [
        "Microsoft.AspNetCore.Identity.Service.IApplicationStore<T0>"
      ],
      "Members": [
        {
          "Kind": "Method",
          "Name": "FindScopesAsync",
          "Parameters": [
            {
              "Name": "application",
              "Type": "T0"
            },
            {
              "Name": "cancellationToken",
              "Type": "System.Threading.CancellationToken"
            }
          ],
          "ReturnType": "System.Threading.Tasks.Task<System.Collections.Generic.IEnumerable<System.String>>",
          "GenericParameter": []
        },
        {
          "Kind": "Method",
          "Name": "AddScopeAsync",
          "Parameters": [
            {
              "Name": "application",
              "Type": "T0"
            },
            {
              "Name": "scope",
              "Type": "System.String"
            },
            {
              "Name": "cancellationToken",
              "Type": "System.Threading.CancellationToken"
            }
          ],
          "ReturnType": "System.Threading.Tasks.Task<Microsoft.AspNetCore.Identity.Service.IdentityServiceResult>",
          "GenericParameter": []
        },
        {
          "Kind": "Method",
          "Name": "UpdateScopeAsync",
          "Parameters": [
            {
              "Name": "application",
              "Type": "T0"
            },
            {
              "Name": "oldScope",
              "Type": "System.String"
            },
            {
              "Name": "newScope",
              "Type": "System.String"
            },
            {
              "Name": "cancellationToken",
              "Type": "System.Threading.CancellationToken"
            }
          ],
          "ReturnType": "System.Threading.Tasks.Task<Microsoft.AspNetCore.Identity.Service.IdentityServiceResult>",
          "GenericParameter": []
        },
        {
          "Kind": "Method",
          "Name": "RemoveScopeAsync",
          "Parameters": [
            {
              "Name": "application",
              "Type": "T0"
            },
            {
              "Name": "scope",
              "Type": "System.String"
            },
            {
              "Name": "cancellationToken",
              "Type": "System.Threading.CancellationToken"
            }
          ],
          "ReturnType": "System.Threading.Tasks.Task<Microsoft.AspNetCore.Identity.Service.IdentityServiceResult>",
          "GenericParameter": []
        }
      ],
      "GenericParameters": [
        {
          "ParameterName": "TApplication",
          "ParameterPosition": 0,
          "Class": true,
          "BaseTypeOrInterfaces": []
        }
      ]
    },
    {
      "Name": "Microsoft.AspNetCore.Identity.Service.IApplicationStore<T0>",
      "Visibility": "Public",
      "Kind": "Interface",
      "Abstract": true,
      "ImplementedInterfaces": [
        "System.IDisposable"
      ],
      "Members": [
        {
          "Kind": "Method",
          "Name": "CreateAsync",
          "Parameters": [
            {
              "Name": "application",
              "Type": "T0"
            },
            {
              "Name": "cancellationToken",
              "Type": "System.Threading.CancellationToken"
            }
          ],
          "ReturnType": "System.Threading.Tasks.Task<Microsoft.AspNetCore.Identity.Service.IdentityServiceResult>",
          "GenericParameter": []
        },
        {
          "Kind": "Method",
          "Name": "UpdateAsync",
          "Parameters": [
            {
              "Name": "application",
              "Type": "T0"
            },
            {
              "Name": "cancellationToken",
              "Type": "System.Threading.CancellationToken"
            }
          ],
          "ReturnType": "System.Threading.Tasks.Task<Microsoft.AspNetCore.Identity.Service.IdentityServiceResult>",
          "GenericParameter": []
        },
        {
          "Kind": "Method",
          "Name": "DeleteAsync",
          "Parameters": [
            {
              "Name": "application",
              "Type": "T0"
            },
            {
              "Name": "cancellationToken",
              "Type": "System.Threading.CancellationToken"
            }
          ],
          "ReturnType": "System.Threading.Tasks.Task<Microsoft.AspNetCore.Identity.Service.IdentityServiceResult>",
          "GenericParameter": []
        },
        {
          "Kind": "Method",
          "Name": "FindByIdAsync",
          "Parameters": [
            {
              "Name": "applicationId",
              "Type": "System.String"
            },
            {
              "Name": "cancellationToken",
              "Type": "System.Threading.CancellationToken"
            }
          ],
          "ReturnType": "System.Threading.Tasks.Task<T0>",
          "GenericParameter": []
        },
        {
          "Kind": "Method",
          "Name": "FindByUserIdAsync",
          "Parameters": [
            {
              "Name": "applicationId",
              "Type": "System.String"
            },
            {
              "Name": "cancellationToken",
              "Type": "System.Threading.CancellationToken"
            }
          ],
          "ReturnType": "System.Threading.Tasks.Task<System.Collections.Generic.IEnumerable<T0>>",
          "GenericParameter": []
        },
        {
          "Kind": "Method",
          "Name": "FindByClientIdAsync",
          "Parameters": [
            {
              "Name": "clientId",
              "Type": "System.String"
            },
            {
              "Name": "cancellationToken",
              "Type": "System.Threading.CancellationToken"
            }
          ],
          "ReturnType": "System.Threading.Tasks.Task<T0>",
          "GenericParameter": []
        },
        {
          "Kind": "Method",
          "Name": "FindByNameAsync",
          "Parameters": [
            {
              "Name": "name",
              "Type": "System.String"
            },
            {
              "Name": "cancellationToken",
              "Type": "System.Threading.CancellationToken"
            }
          ],
          "ReturnType": "System.Threading.Tasks.Task<T0>",
          "GenericParameter": []
        },
        {
          "Kind": "Method",
          "Name": "GetApplicationIdAsync",
          "Parameters": [
            {
              "Name": "application",
              "Type": "T0"
            },
            {
              "Name": "cancellationToken",
              "Type": "System.Threading.CancellationToken"
            }
          ],
          "ReturnType": "System.Threading.Tasks.Task<System.String>",
          "GenericParameter": []
        },
        {
          "Kind": "Method",
          "Name": "GetApplicationNameAsync",
          "Parameters": [
            {
              "Name": "application",
              "Type": "T0"
            },
            {
              "Name": "cancellationToken",
              "Type": "System.Threading.CancellationToken"
            }
          ],
          "ReturnType": "System.Threading.Tasks.Task<System.String>",
          "GenericParameter": []
        },
        {
          "Kind": "Method",
          "Name": "SetApplicationNameAsync",
          "Parameters": [
            {
              "Name": "application",
              "Type": "T0"
            },
            {
              "Name": "name",
              "Type": "System.String"
            },
            {
              "Name": "cancellationToken",
              "Type": "System.Threading.CancellationToken"
            }
          ],
          "ReturnType": "System.Threading.Tasks.Task",
          "GenericParameter": []
        },
        {
          "Kind": "Method",
          "Name": "GetApplicationClientIdAsync",
          "Parameters": [
            {
              "Name": "application",
              "Type": "T0"
            },
            {
              "Name": "cancellationToken",
              "Type": "System.Threading.CancellationToken"
            }
          ],
          "ReturnType": "System.Threading.Tasks.Task<System.String>",
          "GenericParameter": []
        },
        {
          "Kind": "Method",
          "Name": "GetApplicationUserIdAsync",
          "Parameters": [
            {
              "Name": "application",
              "Type": "T0"
            },
            {
              "Name": "cancellationToken",
              "Type": "System.Threading.CancellationToken"
            }
          ],
          "ReturnType": "System.Threading.Tasks.Task<System.String>",
          "GenericParameter": []
        }
      ],
      "GenericParameters": [
        {
          "ParameterName": "TApplication",
          "ParameterPosition": 0,
          "Class": true,
          "BaseTypeOrInterfaces": []
        }
      ]
    },
    {
      "Name": "Microsoft.AspNetCore.Identity.Service.IApplicationValidator<T0>",
      "Visibility": "Public",
      "Kind": "Interface",
      "Abstract": true,
      "ImplementedInterfaces": [],
      "Members": [
        {
          "Kind": "Method",
          "Name": "ValidateAsync",
          "Parameters": [
            {
              "Name": "manager",
              "Type": "Microsoft.AspNetCore.Identity.Service.ApplicationManager<T0>"
            },
            {
              "Name": "application",
              "Type": "T0"
            }
          ],
          "ReturnType": "System.Threading.Tasks.Task<Microsoft.AspNetCore.Identity.Service.IdentityServiceResult>",
          "GenericParameter": []
        },
        {
          "Kind": "Method",
          "Name": "ValidateScopeAsync",
          "Parameters": [
            {
              "Name": "manager",
              "Type": "Microsoft.AspNetCore.Identity.Service.ApplicationManager<T0>"
            },
            {
              "Name": "application",
              "Type": "T0"
            },
            {
              "Name": "scope",
              "Type": "System.String"
            }
          ],
          "ReturnType": "System.Threading.Tasks.Task<Microsoft.AspNetCore.Identity.Service.IdentityServiceResult>",
          "GenericParameter": []
        },
        {
          "Kind": "Method",
          "Name": "ValidateRedirectUriAsync",
          "Parameters": [
            {
              "Name": "manager",
              "Type": "Microsoft.AspNetCore.Identity.Service.ApplicationManager<T0>"
            },
            {
              "Name": "application",
              "Type": "T0"
            },
            {
              "Name": "redirectUri",
              "Type": "System.String"
            }
          ],
          "ReturnType": "System.Threading.Tasks.Task<Microsoft.AspNetCore.Identity.Service.IdentityServiceResult>",
          "GenericParameter": []
        },
        {
          "Kind": "Method",
          "Name": "ValidateLogoutUriAsync",
          "Parameters": [
            {
              "Name": "manager",
              "Type": "Microsoft.AspNetCore.Identity.Service.ApplicationManager<T0>"
            },
            {
              "Name": "application",
              "Type": "T0"
            },
            {
              "Name": "logoutUri",
              "Type": "System.String"
            }
          ],
          "ReturnType": "System.Threading.Tasks.Task<Microsoft.AspNetCore.Identity.Service.IdentityServiceResult>",
          "GenericParameter": []
        },
        {
          "Kind": "Method",
          "Name": "ValidateClaimAsync",
          "Parameters": [
            {
              "Name": "manager",
              "Type": "Microsoft.AspNetCore.Identity.Service.ApplicationManager<T0>"
            },
            {
              "Name": "application",
              "Type": "T0"
            },
            {
              "Name": "claim",
              "Type": "System.Security.Claims.Claim"
            }
          ],
          "ReturnType": "System.Threading.Tasks.Task<Microsoft.AspNetCore.Identity.Service.IdentityServiceResult>",
          "GenericParameter": []
        }
      ],
      "GenericParameters": [
        {
          "ParameterName": "TApplication",
          "ParameterPosition": 0,
          "Class": true,
          "BaseTypeOrInterfaces": []
        }
      ]
    },
    {
      "Name": "Microsoft.AspNetCore.Identity.Service.IdentityServiceError",
      "Visibility": "Public",
      "Kind": "Class",
      "ImplementedInterfaces": [],
      "Members": [
        {
          "Kind": "Method",
          "Name": "get_Code",
          "Parameters": [],
          "ReturnType": "System.String",
          "Visibility": "Public",
          "GenericParameter": []
        },
        {
          "Kind": "Method",
          "Name": "set_Code",
          "Parameters": [
            {
              "Name": "value",
              "Type": "System.String"
            }
          ],
          "ReturnType": "System.Void",
          "Visibility": "Public",
          "GenericParameter": []
        },
        {
          "Kind": "Method",
          "Name": "get_Description",
          "Parameters": [],
          "ReturnType": "System.String",
          "Visibility": "Public",
          "GenericParameter": []
        },
        {
          "Kind": "Method",
          "Name": "set_Description",
          "Parameters": [
            {
              "Name": "value",
              "Type": "System.String"
            }
          ],
          "ReturnType": "System.Void",
          "Visibility": "Public",
          "GenericParameter": []
        },
        {
          "Kind": "Constructor",
          "Name": ".ctor",
          "Parameters": [],
          "Visibility": "Public",
          "GenericParameter": []
        }
      ],
      "GenericParameters": []
    },
    {
      "Name": "Microsoft.AspNetCore.Identity.Service.IdentityServiceResult",
      "Visibility": "Public",
      "Kind": "Class",
      "ImplementedInterfaces": [],
      "Members": [
        {
          "Kind": "Method",
          "Name": "get_Succeeded",
          "Parameters": [],
          "ReturnType": "System.Boolean",
          "Visibility": "Public",
          "GenericParameter": []
        },
        {
          "Kind": "Method",
          "Name": "set_Succeeded",
          "Parameters": [
            {
              "Name": "value",
              "Type": "System.Boolean"
            }
          ],
          "ReturnType": "System.Void",
          "Visibility": "Protected",
          "GenericParameter": []
        },
        {
          "Kind": "Method",
          "Name": "get_Errors",
          "Parameters": [],
          "ReturnType": "System.Collections.Generic.IEnumerable<Microsoft.AspNetCore.Identity.Service.IdentityServiceError>",
          "Visibility": "Public",
          "GenericParameter": []
        },
        {
          "Kind": "Method",
          "Name": "get_Success",
          "Parameters": [],
          "ReturnType": "Microsoft.AspNetCore.Identity.Service.IdentityServiceResult",
          "Static": true,
          "Visibility": "Public",
          "GenericParameter": []
        },
        {
          "Kind": "Method",
          "Name": "Failed",
          "Parameters": [
            {
              "Name": "errors",
              "Type": "Microsoft.AspNetCore.Identity.Service.IdentityServiceError[]",
              "IsParams": true
            }
          ],
          "ReturnType": "Microsoft.AspNetCore.Identity.Service.IdentityServiceResult",
          "Static": true,
          "Visibility": "Public",
          "GenericParameter": []
        },
        {
          "Kind": "Constructor",
          "Name": ".ctor",
          "Parameters": [],
          "Visibility": "Public",
          "GenericParameter": []
        }
      ],
      "GenericParameters": []
    },
    {
      "Name": "Microsoft.AspNetCore.Identity.Service.IQueryableApplicationStore<T0>",
      "Visibility": "Public",
      "Kind": "Interface",
      "Abstract": true,
      "ImplementedInterfaces": [
        "Microsoft.AspNetCore.Identity.Service.IApplicationStore<T0>"
      ],
      "Members": [
        {
          "Kind": "Method",
          "Name": "get_Applications",
          "Parameters": [],
          "ReturnType": "System.Linq.IQueryable<T0>",
          "GenericParameter": []
        }
      ],
      "GenericParameters": [
        {
          "ParameterName": "TApplication",
          "ParameterPosition": 0,
          "Class": true,
          "BaseTypeOrInterfaces": []
        }
      ]
    },
    {
      "Name": "Microsoft.AspNetCore.Identity.Service.IRedirectUriStore<T0>",
      "Visibility": "Public",
      "Kind": "Interface",
      "Abstract": true,
      "ImplementedInterfaces": [
        "Microsoft.AspNetCore.Identity.Service.IApplicationStore<T0>"
      ],
      "Members": [
        {
          "Kind": "Method",
          "Name": "FindRegisteredUrisAsync",
          "Parameters": [
            {
              "Name": "app",
              "Type": "T0"
            },
            {
              "Name": "cancellationToken",
              "Type": "System.Threading.CancellationToken"
            }
          ],
          "ReturnType": "System.Threading.Tasks.Task<System.Collections.Generic.IEnumerable<System.String>>",
          "GenericParameter": []
        },
        {
          "Kind": "Method",
          "Name": "FindRegisteredLogoutUrisAsync",
          "Parameters": [
            {
              "Name": "app",
              "Type": "T0"
            },
            {
              "Name": "cancellationToken",
              "Type": "System.Threading.CancellationToken"
            }
          ],
          "ReturnType": "System.Threading.Tasks.Task<System.Collections.Generic.IEnumerable<System.String>>",
          "GenericParameter": []
        },
        {
          "Kind": "Method",
          "Name": "RegisterRedirectUriAsync",
          "Parameters": [
            {
              "Name": "app",
              "Type": "T0"
            },
            {
              "Name": "redirectUri",
              "Type": "System.String"
            },
            {
              "Name": "cancellationToken",
              "Type": "System.Threading.CancellationToken"
            }
          ],
          "ReturnType": "System.Threading.Tasks.Task<Microsoft.AspNetCore.Identity.Service.IdentityServiceResult>",
          "GenericParameter": []
        },
        {
          "Kind": "Method",
          "Name": "RegisterLogoutRedirectUriAsync",
          "Parameters": [
            {
              "Name": "app",
              "Type": "T0"
            },
            {
              "Name": "redirectUri",
              "Type": "System.String"
            },
            {
              "Name": "cancellationToken",
              "Type": "System.Threading.CancellationToken"
            }
          ],
          "ReturnType": "System.Threading.Tasks.Task<Microsoft.AspNetCore.Identity.Service.IdentityServiceResult>",
          "GenericParameter": []
        },
        {
          "Kind": "Method",
          "Name": "UnregisterRedirectUriAsync",
          "Parameters": [
            {
              "Name": "app",
              "Type": "T0"
            },
            {
              "Name": "redirectUri",
              "Type": "System.String"
            },
            {
              "Name": "cancellationToken",
              "Type": "System.Threading.CancellationToken"
            }
          ],
          "ReturnType": "System.Threading.Tasks.Task<Microsoft.AspNetCore.Identity.Service.IdentityServiceResult>",
          "GenericParameter": []
        },
        {
          "Kind": "Method",
          "Name": "UnregisterLogoutRedirectUriAsync",
          "Parameters": [
            {
              "Name": "app",
              "Type": "T0"
            },
            {
              "Name": "redirectUri",
              "Type": "System.String"
            },
            {
              "Name": "cancellationToken",
              "Type": "System.Threading.CancellationToken"
            }
          ],
          "ReturnType": "System.Threading.Tasks.Task<Microsoft.AspNetCore.Identity.Service.IdentityServiceResult>",
          "GenericParameter": []
        },
        {
          "Kind": "Method",
          "Name": "UpdateRedirectUriAsync",
          "Parameters": [
            {
              "Name": "app",
              "Type": "T0"
            },
            {
              "Name": "oldRedirectUri",
              "Type": "System.String"
            },
            {
              "Name": "newRedirectUri",
              "Type": "System.String"
            },
            {
              "Name": "cancellationToken",
              "Type": "System.Threading.CancellationToken"
            }
          ],
          "ReturnType": "System.Threading.Tasks.Task<Microsoft.AspNetCore.Identity.Service.IdentityServiceResult>",
          "GenericParameter": []
        },
        {
          "Kind": "Method",
          "Name": "UpdateLogoutRedirectUriAsync",
          "Parameters": [
            {
              "Name": "app",
              "Type": "T0"
            },
            {
              "Name": "oldRedirectUri",
              "Type": "System.String"
            },
            {
              "Name": "newRedirectUri",
              "Type": "System.String"
            },
            {
              "Name": "cancellationToken",
              "Type": "System.Threading.CancellationToken"
            }
          ],
          "ReturnType": "System.Threading.Tasks.Task<Microsoft.AspNetCore.Identity.Service.IdentityServiceResult>",
          "GenericParameter": []
        }
      ],
      "GenericParameters": [
        {
          "ParameterName": "TApplication",
          "ParameterPosition": 0,
          "Class": true,
          "BaseTypeOrInterfaces": []
        }
      ]
    },
    {
      "Name": "Microsoft.AspNetCore.Identity.Service.LogoutResult",
      "Visibility": "Public",
      "Kind": "Class",
      "ImplementedInterfaces": [],
      "Members": [
        {
          "Kind": "Method",
          "Name": "get_LogoutRedirect",
          "Parameters": [],
          "ReturnType": "System.String",
          "Visibility": "Public",
          "GenericParameter": []
        },
        {
          "Kind": "Method",
          "Name": "get_Status",
          "Parameters": [],
          "ReturnType": "Microsoft.AspNetCore.Identity.Service.LogoutStatus",
          "Visibility": "Public",
          "GenericParameter": []
        },
        {
          "Kind": "Method",
          "Name": "Redirect",
          "Parameters": [
            {
              "Name": "logoutRedirectUri",
              "Type": "System.String"
            }
          ],
          "ReturnType": "Microsoft.AspNetCore.Identity.Service.LogoutResult",
          "Static": true,
          "Visibility": "Public",
          "GenericParameter": []
        },
        {
          "Kind": "Method",
          "Name": "RedirectToLocalLogoutPage",
          "Parameters": [],
          "ReturnType": "Microsoft.AspNetCore.Identity.Service.LogoutResult",
          "Static": true,
          "Visibility": "Public",
          "GenericParameter": []
        }
      ],
      "GenericParameters": []
    },
    {
      "Name": "Microsoft.AspNetCore.Identity.Service.LogoutStatus",
      "Visibility": "Public",
      "Kind": "Enumeration",
      "Sealed": true,
      "ImplementedInterfaces": [],
      "Members": [
        {
          "Kind": "Field",
          "Name": "LocalLogoutPage",
          "Parameters": [],
          "GenericParameter": [],
          "Literal": "0"
        },
        {
          "Kind": "Field",
          "Name": "RedirectToLogoutUri",
          "Parameters": [],
          "GenericParameter": [],
          "Literal": "1"
        }
      ],
      "GenericParameters": []
    },
    {
      "Name": "Microsoft.AspNetCore.Identity.Service.Session",
      "Visibility": "Public",
      "Kind": "Class",
      "ImplementedInterfaces": [],
      "Members": [
        {
          "Kind": "Method",
          "Name": "get_User",
          "Parameters": [],
          "ReturnType": "System.Security.Claims.ClaimsPrincipal",
          "Visibility": "Public",
          "GenericParameter": []
        },
        {
          "Kind": "Method",
          "Name": "get_Application",
          "Parameters": [],
          "ReturnType": "System.Security.Claims.ClaimsPrincipal",
          "Visibility": "Public",
          "GenericParameter": []
        },
        {
          "Kind": "Constructor",
          "Name": ".ctor",
          "Parameters": [
            {
              "Name": "user",
              "Type": "System.Security.Claims.ClaimsPrincipal"
            },
            {
              "Name": "application",
              "Type": "System.Security.Claims.ClaimsPrincipal"
            }
          ],
          "Visibility": "Public",
          "GenericParameter": []
        }
      ],
      "GenericParameters": []
    },
    {
      "Name": "Microsoft.AspNetCore.Identity.Service.SessionManager",
      "Visibility": "Public",
      "Kind": "Class",
      "Abstract": true,
      "ImplementedInterfaces": [],
      "Members": [
        {
          "Kind": "Method",
          "Name": "get_Context",
          "Parameters": [],
          "ReturnType": "Microsoft.AspNetCore.Http.HttpContext",
          "Visibility": "Public",
          "GenericParameter": []
        },
        {
          "Kind": "Method",
          "Name": "set_Context",
          "Parameters": [
            {
              "Name": "value",
              "Type": "Microsoft.AspNetCore.Http.HttpContext"
            }
          ],
          "ReturnType": "System.Void",
          "Visibility": "Public",
          "GenericParameter": []
        },
        {
          "Kind": "Method",
          "Name": "GetCurrentSessions",
          "Parameters": [],
          "ReturnType": "System.Threading.Tasks.Task<System.Security.Claims.ClaimsPrincipal>",
          "Visibility": "Public",
          "GenericParameter": []
        },
        {
          "Kind": "Method",
          "Name": "GetCurrentLoggedInUser",
          "Parameters": [],
          "ReturnType": "System.Threading.Tasks.Task<System.Security.Claims.ClaimsPrincipal>",
          "Visibility": "Public",
          "GenericParameter": []
        },
        {
          "Kind": "Method",
          "Name": "StartSessionAsync",
          "Parameters": [
            {
              "Name": "user",
              "Type": "System.Security.Claims.ClaimsPrincipal"
            },
            {
              "Name": "application",
              "Type": "System.Security.Claims.ClaimsPrincipal"
            }
          ],
          "ReturnType": "System.Threading.Tasks.Task",
          "Visibility": "Public",
          "GenericParameter": []
        },
        {
          "Kind": "Method",
          "Name": "EndSessionAsync",
          "Parameters": [
            {
              "Name": "request",
              "Type": "Microsoft.AspNetCore.Identity.Service.LogoutRequest"
            }
          ],
          "ReturnType": "System.Threading.Tasks.Task<Microsoft.AspNetCore.Identity.Service.LogoutResult>",
          "Visibility": "Public",
          "GenericParameter": []
        },
        {
          "Kind": "Method",
          "Name": "IsAuthenticatedWithApplication",
          "Parameters": [
            {
              "Name": "loggedUser",
              "Type": "System.Security.Claims.ClaimsPrincipal"
            },
            {
              "Name": "sessions",
              "Type": "System.Security.Claims.ClaimsPrincipal"
            },
            {
              "Name": "message",
              "Type": "Microsoft.IdentityModel.Protocols.OpenIdConnect.OpenIdConnectMessage"
            }
          ],
          "ReturnType": "System.Boolean",
          "Visibility": "Protected",
          "GenericParameter": []
        },
        {
          "Kind": "Method",
          "Name": "CreateSessionAsync",
          "Parameters": [
            {
              "Name": "userId",
              "Type": "System.String"
            },
            {
              "Name": "clientId",
              "Type": "System.String"
            }
          ],
          "ReturnType": "System.Threading.Tasks.Task<Microsoft.AspNetCore.Identity.Service.Session>",
          "Virtual": true,
          "Abstract": true,
          "Visibility": "Public",
          "GenericParameter": []
        },
        {
          "Kind": "Method",
          "Name": "IsAuthorizedAsync",
          "Parameters": [
            {
              "Name": "request",
              "Type": "Microsoft.AspNetCore.Identity.Service.AuthorizationRequest"
            }
          ],
          "ReturnType": "System.Threading.Tasks.Task<Microsoft.AspNetCore.Identity.Service.AuthorizeResult>",
          "Virtual": true,
          "Abstract": true,
          "Visibility": "Public",
          "GenericParameter": []
        },
        {
          "Kind": "Constructor",
          "Name": ".ctor",
          "Parameters": [
            {
              "Name": "options",
              "Type": "Microsoft.Extensions.Options.IOptions<Microsoft.AspNetCore.Identity.Service.IdentityServiceOptions>"
            },
            {
              "Name": "identityOptions",
              "Type": "Microsoft.Extensions.Options.IOptions<Microsoft.AspNetCore.Identity.IdentityOptions>"
            },
            {
              "Name": "cookieOptions",
              "Type": "Microsoft.Extensions.Options.IOptionsSnapshot<Microsoft.AspNetCore.Authentication.Cookies.CookieAuthenticationOptions>"
            },
            {
              "Name": "timeStampManager",
              "Type": "Microsoft.AspNetCore.Identity.Service.ITimeStampManager"
            },
            {
              "Name": "contextAccessor",
              "Type": "Microsoft.AspNetCore.Http.IHttpContextAccessor"
            },
            {
              "Name": "errorProvider",
              "Type": "Microsoft.AspNetCore.Identity.Service.ProtocolErrorProvider"
            }
          ],
          "Visibility": "Public",
          "GenericParameter": []
        },
        {
          "Kind": "Field",
          "Name": "_errorProvider",
          "Parameters": [],
          "ReturnType": "Microsoft.AspNetCore.Identity.Service.ProtocolErrorProvider",
          "ReadOnly": true,
          "Visibility": "Protected",
          "GenericParameter": []
        }
      ],
      "GenericParameters": []
    },
    {
      "Name": "Microsoft.AspNetCore.Identity.Service.SessionManager<T0, T1>",
      "Visibility": "Public",
      "Kind": "Class",
      "BaseType": "Microsoft.AspNetCore.Identity.Service.SessionManager",
      "ImplementedInterfaces": [],
      "Members": [
        {
          "Kind": "Method",
          "Name": "IsAuthorizedAsync",
          "Parameters": [
            {
              "Name": "request",
              "Type": "Microsoft.AspNetCore.Identity.Service.AuthorizationRequest"
            }
          ],
          "ReturnType": "System.Threading.Tasks.Task<Microsoft.AspNetCore.Identity.Service.AuthorizeResult>",
          "Virtual": true,
          "Override": true,
          "Visibility": "Public",
          "GenericParameter": []
        },
        {
          "Kind": "Method",
          "Name": "CreateSessionAsync",
          "Parameters": [
            {
              "Name": "userId",
              "Type": "System.String"
            },
            {
              "Name": "clientId",
              "Type": "System.String"
            }
          ],
          "ReturnType": "System.Threading.Tasks.Task<Microsoft.AspNetCore.Identity.Service.Session>",
          "Virtual": true,
          "Override": true,
          "Visibility": "Public",
          "GenericParameter": []
        },
        {
          "Kind": "Constructor",
          "Name": ".ctor",
          "Parameters": [
            {
              "Name": "options",
              "Type": "Microsoft.Extensions.Options.IOptions<Microsoft.AspNetCore.Identity.Service.IdentityServiceOptions>"
            },
            {
              "Name": "identityOptions",
              "Type": "Microsoft.Extensions.Options.IOptions<Microsoft.AspNetCore.Identity.IdentityOptions>"
            },
            {
              "Name": "cookieOptions",
              "Type": "Microsoft.Extensions.Options.IOptionsSnapshot<Microsoft.AspNetCore.Authentication.Cookies.CookieAuthenticationOptions>"
            },
            {
              "Name": "timeStampManager",
              "Type": "Microsoft.AspNetCore.Identity.Service.ITimeStampManager"
            },
            {
              "Name": "userManager",
              "Type": "Microsoft.AspNetCore.Identity.UserManager<T0>"
            },
            {
              "Name": "userPrincipalFactory",
              "Type": "Microsoft.AspNetCore.Identity.IUserClaimsPrincipalFactory<T0>"
            },
            {
              "Name": "applicationPrincipalFactory",
              "Type": "Microsoft.AspNetCore.Identity.Service.IApplicationClaimsPrincipalFactory<T1>"
            },
            {
              "Name": "applicationManager",
              "Type": "Microsoft.AspNetCore.Identity.Service.ApplicationManager<T1>"
            },
            {
              "Name": "contextAccessor",
              "Type": "Microsoft.AspNetCore.Http.IHttpContextAccessor"
            },
            {
              "Name": "errorProvider",
              "Type": "Microsoft.AspNetCore.Identity.Service.ProtocolErrorProvider"
            }
          ],
          "Visibility": "Public",
          "GenericParameter": []
        }
      ],
      "GenericParameters": [
        {
          "ParameterName": "TUser",
          "ParameterPosition": 0,
          "Class": true,
          "BaseTypeOrInterfaces": []
        },
        {
          "ParameterName": "TApplication",
          "ParameterPosition": 1,
          "Class": true,
          "BaseTypeOrInterfaces": []
        }
      ]
    },
    {
      "Name": "Microsoft.AspNetCore.Identity.Service.Configuration.IdentityServiceOptionsSetup",
      "Visibility": "Public",
      "Kind": "Class",
      "ImplementedInterfaces": [
        "Microsoft.Extensions.Options.IConfigureOptions<Microsoft.AspNetCore.Identity.Service.IdentityServiceOptions>"
      ],
      "Members": [
        {
          "Kind": "Method",
          "Name": "Configure",
          "Parameters": [
            {
              "Name": "options",
              "Type": "Microsoft.AspNetCore.Identity.Service.IdentityServiceOptions"
            }
          ],
          "ReturnType": "System.Void",
          "Sealed": true,
          "Virtual": true,
          "ImplementedInterface": "Microsoft.Extensions.Options.IConfigureOptions<Microsoft.AspNetCore.Identity.Service.IdentityServiceOptions>",
          "Visibility": "Public",
          "GenericParameter": []
        },
        {
          "Kind": "Constructor",
          "Name": ".ctor",
          "Parameters": [
            {
              "Name": "options",
              "Type": "Microsoft.Extensions.Options.IOptions<Microsoft.AspNetCore.Identity.IdentityOptions>"
            }
          ],
          "Visibility": "Public",
          "GenericParameter": []
        }
      ],
      "GenericParameters": []
    },
    {
      "Name": "Microsoft.AspNetCore.Identity.Service.Claims.PairwiseSubClaimProvider",
      "Visibility": "Public",
      "Kind": "Class",
      "ImplementedInterfaces": [
        "Microsoft.AspNetCore.Identity.Service.Claims.ITokenClaimsProvider"
      ],
      "Members": [
        {
          "Kind": "Method",
          "Name": "get_Order",
          "Parameters": [],
          "ReturnType": "System.Int32",
          "Sealed": true,
          "Virtual": true,
          "ImplementedInterface": "Microsoft.AspNetCore.Identity.Service.Claims.ITokenClaimsProvider",
          "Visibility": "Public",
          "GenericParameter": []
        },
        {
          "Kind": "Method",
          "Name": "OnGeneratingClaims",
          "Parameters": [
            {
              "Name": "context",
              "Type": "Microsoft.AspNetCore.Identity.Service.TokenGeneratingContext"
            }
          ],
          "ReturnType": "System.Threading.Tasks.Task",
          "Sealed": true,
          "Virtual": true,
          "ImplementedInterface": "Microsoft.AspNetCore.Identity.Service.Claims.ITokenClaimsProvider",
          "Visibility": "Public",
          "GenericParameter": []
        },
        {
          "Kind": "Constructor",
          "Name": ".ctor",
          "Parameters": [
            {
              "Name": "options",
              "Type": "Microsoft.Extensions.Options.IOptions<Microsoft.AspNetCore.Identity.IdentityOptions>"
            }
          ],
          "Visibility": "Public",
          "GenericParameter": []
        }
      ],
      "GenericParameters": []
    },
    {
      "Name": "Microsoft.Extensions.DependencyInjection.IdentityServiceServiceCollectionExtensions",
      "Visibility": "Public",
      "Kind": "Class",
      "Abstract": true,
      "Static": true,
      "Sealed": true,
      "ImplementedInterfaces": [],
      "Members": [
        {
          "Kind": "Method",
          "Name": "AddApplications<T0, T1>",
          "Parameters": [
            {
              "Name": "builder",
              "Type": "Microsoft.AspNetCore.Identity.IdentityBuilder"
            },
            {
              "Name": "configure",
              "Type": "System.Action<Microsoft.AspNetCore.Identity.Service.IdentityServiceOptions>"
            }
          ],
          "ReturnType": "Microsoft.AspNetCore.Identity.Service.IIdentityServiceBuilder",
          "Static": true,
          "Extension": true,
          "Visibility": "Public",
          "GenericParameter": [
            {
              "ParameterName": "TUser",
              "ParameterPosition": 0,
              "Class": true,
              "BaseTypeOrInterfaces": []
            },
            {
              "ParameterName": "TApplication",
              "ParameterPosition": 1,
              "Class": true,
              "BaseTypeOrInterfaces": []
            }
          ]
        }
      ],
      "GenericParameters": []
    }
  ]
}