{
  "AssemblyIdentity": "Microsoft.AspNetCore.Identity.Service.AzureKeyVault, Version=2.1.1.0, Culture=neutral, PublicKeyToken=adb9793829ddae60",
  "Types": [
    {
      "Name": "Microsoft.AspNetCore.Identity.Service.AzureKeyVault.IdentityServiceBuilderExtensions",
      "Visibility": "Public",
      "Kind": "Class",
      "Abstract": true,
      "Static": true,
      "Sealed": true,
      "ImplementedInterfaces": [],
      "Members": [
        {
          "Kind": "Method",
          "Name": "AddKeyVault",
          "Parameters": [
            {
              "Name": "builder",
              "Type": "Microsoft.AspNetCore.Identity.Service.IIdentityServiceBuilder"
            }
          ],
          "ReturnType": "Microsoft.AspNetCore.Identity.Service.IIdentityServiceBuilder",
          "Static": true,
          "Extension": true,
          "Visibility": "Public",
          "GenericParameter": []
        },
        {
          "Kind": "Method",
          "Name": "AddKeyVault",
          "Parameters": [
            {
              "Name": "builder",
              "Type": "Microsoft.AspNetCore.Identity.Service.IIdentityServiceBuilder"
            },
            {
              "Name": "configure",
              "Type": "System.Action<Microsoft.AspNetCore.Identity.Service.AzureKeyVault.KeyVaultSigningCredentialsSourceOptions>"
            }
          ],
          "ReturnType": "Microsoft.AspNetCore.Identity.Service.IIdentityServiceBuilder",
          "Static": true,
          "Extension": true,
          "Visibility": "Public",
          "GenericParameter": []
        }
      ],
      "GenericParameters": []
    },
    {
      "Name": "Microsoft.AspNetCore.Identity.Service.AzureKeyVault.KeyVaultSigningCredentialSource",
      "Visibility": "Public",
      "Kind": "Class",
      "ImplementedInterfaces": [
        "Microsoft.AspNetCore.Identity.Service.ISigningCredentialsSource"
      ],
      "Members": [
        {
          "Kind": "Method",
          "Name": "GetCredentials",
          "Parameters": [],
          "ReturnType": "System.Threading.Tasks.Task<System.Collections.Generic.IEnumerable<Microsoft.AspNetCore.Identity.Service.SigningCredentialsDescriptor>>",
          "Sealed": true,
          "Virtual": true,
          "ImplementedInterface": "Microsoft.AspNetCore.Identity.Service.ISigningCredentialsSource",
          "Visibility": "Public",
          "GenericParameter": []
        },
        {
          "Kind": "Constructor",
          "Name": ".ctor",
          "Parameters": [
            {
              "Name": "options",
              "Type": "Microsoft.Extensions.Options.IOptions<Microsoft.AspNetCore.Identity.Service.AzureKeyVault.KeyVaultSigningCredentialsSourceOptions>"
            }
          ],
          "Visibility": "Public",
          "GenericParameter": []
        }
      ],
      "GenericParameters": []
    },
    {
      "Name": "Microsoft.AspNetCore.Identity.Service.AzureKeyVault.KeyVaultSigningCredentialsSourceOptions",
      "Visibility": "Public",
      "Kind": "Class",
      "ImplementedInterfaces": [],
      "Members": [
        {
          "Kind": "Method",
          "Name": "get_ClientId",
          "Parameters": [],
          "ReturnType": "System.String",
          "Visibility": "Public",
          "GenericParameter": []
        },
        {
          "Kind": "Method",
          "Name": "set_ClientId",
          "Parameters": [
            {
              "Name": "value",
              "Type": "System.String"
            }
          ],
          "ReturnType": "System.Void",
          "Visibility": "Public",
          "GenericParameter": []
        },
        {
          "Kind": "Method",
          "Name": "get_ClientSecret",
          "Parameters": [],
          "ReturnType": "System.String",
          "Visibility": "Public",
          "GenericParameter": []
        },
        {
          "Kind": "Method",
          "Name": "set_ClientSecret",
          "Parameters": [
            {
              "Name": "value",
              "Type": "System.String"
            }
          ],
          "ReturnType": "System.Void",
          "Visibility": "Public",
          "GenericParameter": []
        },
        {
          "Kind": "Method",
          "Name": "get_VaultUri",
          "Parameters": [],
          "ReturnType": "System.String",
          "Visibility": "Public",
          "GenericParameter": []
        },
        {
          "Kind": "Method",
          "Name": "set_VaultUri",
          "Parameters": [
            {
              "Name": "value",
              "Type": "System.String"
            }
          ],
          "ReturnType": "System.Void",
          "Visibility": "Public",
          "GenericParameter": []
        },
        {
          "Kind": "Method",
          "Name": "get_CertificateName",
          "Parameters": [],
          "ReturnType": "System.String",
          "Visibility": "Public",
          "GenericParameter": []
        },
        {
          "Kind": "Method",
          "Name": "set_CertificateName",
          "Parameters": [
            {
              "Name": "value",
              "Type": "System.String"
            }
          ],
          "ReturnType": "System.Void",
          "Visibility": "Public",
          "GenericParameter": []
        },
        {
          "Kind": "Method",
          "Name": "get_ClientHandler",
          "Parameters": [],
          "ReturnType": "System.Net.Http.HttpClient",
          "Visibility": "Public",
          "GenericParameter": []
        },
        {
          "Kind": "Method",
          "Name": "set_ClientHandler",
          "Parameters": [
            {
              "Name": "value",
              "Type": "System.Net.Http.HttpClient"
            }
          ],
          "ReturnType": "System.Void",
          "Visibility": "Public",
          "GenericParameter": []
        },
        {
          "Kind": "Constructor",
          "Name": ".ctor",
          "Parameters": [],
          "Visibility": "Public",
          "GenericParameter": []
        }
      ],
      "GenericParameters": []
    }
  ]
}