{
  "AssemblyIdentity": "Microsoft.AspNetCore.Identity.Service.EntityFrameworkCore, Version=2.1.1.0, Culture=neutral, PublicKeyToken=adb9793829ddae60",
  "Types": [
    {
      "Name": "Microsoft.AspNetCore.Identity.Service.IdentityServiceApplication",
      "Visibility": "Public",
      "Kind": "Class",
      "BaseType": "Microsoft.AspNetCore.Identity.Service.IdentityServiceApplication<System.String>",
      "ImplementedInterfaces": [],
      "Members": [
        {
          "Kind": "Constructor",
          "Name": ".ctor",
          "Parameters": [],
          "Visibility": "Public",
          "GenericParameter": []
        }
      ],
      "GenericParameters": []
    },
    {
      "Name": "Microsoft.AspNetCore.Identity.Service.IdentityServiceApplication<T0>",
      "Visibility": "Public",
      "Kind": "Class",
      "BaseType": "Microsoft.AspNetCore.Identity.Service.IdentityServiceApplication<System.String, T0>",
      "ImplementedInterfaces": [],
      "Members": [
        {
          "Kind": "Constructor",
          "Name": ".ctor",
          "Parameters": [],
          "Visibility": "Public",
          "GenericParameter": []
        }
      ],
      "GenericParameters": [
        {
          "ParameterName": "TUserKey",
          "ParameterPosition": 0,
          "BaseTypeOrInterfaces": [
            "System.IEquatable<T0>"
          ]
        }
      ]
    },
    {
      "Name": "Microsoft.AspNetCore.Identity.Service.IdentityServiceApplication<T0, T1>",
      "Visibility": "Public",
      "Kind": "Class",
      "BaseType": "Microsoft.AspNetCore.Identity.Service.IdentityServiceApplication<T0, T1, Microsoft.AspNetCore.Identity.Service.IdentityServiceScope<T0>, Microsoft.AspNetCore.Identity.Service.IdentityServiceApplicationClaim<T0>, Microsoft.AspNetCore.Identity.Service.IdentityServiceRedirectUri<T0>>",
      "ImplementedInterfaces": [],
      "Members": [
        {
          "Kind": "Constructor",
          "Name": ".ctor",
          "Parameters": [],
          "Visibility": "Public",
          "GenericParameter": []
        }
      ],
      "GenericParameters": [
        {
          "ParameterName": "TApplicationKey",
          "ParameterPosition": 0,
          "BaseTypeOrInterfaces": [
            "System.IEquatable<T0>"
          ]
        },
        {
          "ParameterName": "TUserKey",
          "ParameterPosition": 1,
          "BaseTypeOrInterfaces": [
            "System.IEquatable<T1>"
          ]
        }
      ]
    },
    {
      "Name": "Microsoft.AspNetCore.Identity.Service.IdentityServiceApplication<T0, T1, T2, T3, T4>",
      "Visibility": "Public",
      "Kind": "Class",
      "ImplementedInterfaces": [],
      "Members": [
        {
          "Kind": "Method",
          "Name": "get_Id",
          "Parameters": [],
          "ReturnType": "T0",
          "Visibility": "Public",
          "GenericParameter": []
        },
        {
          "Kind": "Method",
          "Name": "set_Id",
          "Parameters": [
            {
              "Name": "value",
              "Type": "T0"
            }
          ],
          "ReturnType": "System.Void",
          "Visibility": "Public",
          "GenericParameter": []
        },
        {
          "Kind": "Method",
          "Name": "get_Name",
          "Parameters": [],
          "ReturnType": "System.String",
          "Visibility": "Public",
          "GenericParameter": []
        },
        {
          "Kind": "Method",
          "Name": "set_Name",
          "Parameters": [
            {
              "Name": "value",
              "Type": "System.String"
            }
          ],
          "ReturnType": "System.Void",
          "Visibility": "Public",
          "GenericParameter": []
        },
        {
          "Kind": "Method",
          "Name": "get_UserId",
          "Parameters": [],
          "ReturnType": "T1",
          "Visibility": "Public",
          "GenericParameter": []
        },
        {
          "Kind": "Method",
          "Name": "set_UserId",
          "Parameters": [
            {
              "Name": "value",
              "Type": "T1"
            }
          ],
          "ReturnType": "System.Void",
          "Visibility": "Public",
          "GenericParameter": []
        },
        {
          "Kind": "Method",
          "Name": "get_ClientId",
          "Parameters": [],
          "ReturnType": "System.String",
          "Visibility": "Public",
          "GenericParameter": []
        },
        {
          "Kind": "Method",
          "Name": "set_ClientId",
          "Parameters": [
            {
              "Name": "value",
              "Type": "System.String"
            }
          ],
          "ReturnType": "System.Void",
          "Visibility": "Public",
          "GenericParameter": []
        },
        {
          "Kind": "Method",
          "Name": "get_ClientSecretHash",
          "Parameters": [],
          "ReturnType": "System.String",
          "Visibility": "Public",
          "GenericParameter": []
        },
        {
          "Kind": "Method",
          "Name": "set_ClientSecretHash",
          "Parameters": [
            {
              "Name": "value",
              "Type": "System.String"
            }
          ],
          "ReturnType": "System.Void",
          "Visibility": "Public",
          "GenericParameter": []
        },
        {
          "Kind": "Method",
          "Name": "get_ConcurrencyStamp",
          "Parameters": [],
          "ReturnType": "System.String",
          "Visibility": "Public",
          "GenericParameter": []
        },
        {
          "Kind": "Method",
          "Name": "set_ConcurrencyStamp",
          "Parameters": [
            {
              "Name": "value",
              "Type": "System.String"
            }
          ],
          "ReturnType": "System.Void",
          "Visibility": "Public",
          "GenericParameter": []
        },
        {
          "Kind": "Method",
          "Name": "get_Scopes",
          "Parameters": [],
          "ReturnType": "System.Collections.Generic.ICollection<T2>",
          "Visibility": "Public",
          "GenericParameter": []
        },
        {
          "Kind": "Method",
          "Name": "set_Scopes",
          "Parameters": [
            {
              "Name": "value",
              "Type": "System.Collections.Generic.ICollection<T2>"
            }
          ],
          "ReturnType": "System.Void",
          "Visibility": "Public",
          "GenericParameter": []
        },
        {
          "Kind": "Method",
          "Name": "get_Claims",
          "Parameters": [],
          "ReturnType": "System.Collections.Generic.ICollection<T3>",
          "Visibility": "Public",
          "GenericParameter": []
        },
        {
          "Kind": "Method",
          "Name": "set_Claims",
          "Parameters": [
            {
              "Name": "value",
              "Type": "System.Collections.Generic.ICollection<T3>"
            }
          ],
          "ReturnType": "System.Void",
          "Visibility": "Public",
          "GenericParameter": []
        },
        {
          "Kind": "Method",
          "Name": "get_RedirectUris",
          "Parameters": [],
          "ReturnType": "System.Collections.Generic.ICollection<T4>",
          "Visibility": "Public",
          "GenericParameter": []
        },
        {
          "Kind": "Method",
          "Name": "set_RedirectUris",
          "Parameters": [
            {
              "Name": "value",
              "Type": "System.Collections.Generic.ICollection<T4>"
            }
          ],
          "ReturnType": "System.Void",
          "Visibility": "Public",
          "GenericParameter": []
        },
        {
          "Kind": "Constructor",
          "Name": ".ctor",
          "Parameters": [],
          "Visibility": "Public",
          "GenericParameter": []
        }
      ],
      "GenericParameters": [
        {
          "ParameterName": "TKey",
          "ParameterPosition": 0,
          "BaseTypeOrInterfaces": [
            "System.IEquatable<T0>"
          ]
        },
        {
          "ParameterName": "TUserKey",
          "ParameterPosition": 1,
          "BaseTypeOrInterfaces": [
            "System.IEquatable<T1>"
          ]
        },
        {
          "ParameterName": "TScope",
          "ParameterPosition": 2,
          "BaseTypeOrInterfaces": [
            "Microsoft.AspNetCore.Identity.Service.IdentityServiceScope<T0>"
          ]
        },
        {
          "ParameterName": "TApplicationClaim",
          "ParameterPosition": 3,
          "BaseTypeOrInterfaces": [
            "Microsoft.AspNetCore.Identity.Service.IdentityServiceApplicationClaim<T0>"
          ]
        },
        {
          "ParameterName": "TRedirectUri",
          "ParameterPosition": 4,
          "BaseTypeOrInterfaces": [
            "Microsoft.AspNetCore.Identity.Service.IdentityServiceRedirectUri<T0>"
          ]
        }
      ]
    },
    {
      "Name": "Microsoft.AspNetCore.Identity.Service.IdentityServiceApplicationClaim",
      "Visibility": "Public",
      "Kind": "Class",
      "BaseType": "Microsoft.AspNetCore.Identity.Service.IdentityServiceApplicationClaim<System.String>",
      "ImplementedInterfaces": [],
      "Members": [
        {
          "Kind": "Constructor",
          "Name": ".ctor",
          "Parameters": [],
          "Visibility": "Public",
          "GenericParameter": []
        }
      ],
      "GenericParameters": []
    },
    {
      "Name": "Microsoft.AspNetCore.Identity.Service.IdentityServiceApplicationClaim<T0>",
      "Visibility": "Public",
      "Kind": "Class",
      "ImplementedInterfaces": [],
      "Members": [
        {
          "Kind": "Method",
          "Name": "get_Id",
          "Parameters": [],
          "ReturnType": "System.Int32",
          "Visibility": "Public",
          "GenericParameter": []
        },
        {
          "Kind": "Method",
          "Name": "set_Id",
          "Parameters": [
            {
              "Name": "value",
              "Type": "System.Int32"
            }
          ],
          "ReturnType": "System.Void",
          "Visibility": "Public",
          "GenericParameter": []
        },
        {
          "Kind": "Method",
          "Name": "get_ApplicationId",
          "Parameters": [],
          "ReturnType": "T0",
          "Visibility": "Public",
          "GenericParameter": []
        },
        {
          "Kind": "Method",
          "Name": "set_ApplicationId",
          "Parameters": [
            {
              "Name": "value",
              "Type": "T0"
            }
          ],
          "ReturnType": "System.Void",
          "Visibility": "Public",
          "GenericParameter": []
        },
        {
          "Kind": "Method",
          "Name": "get_ClaimType",
          "Parameters": [],
          "ReturnType": "System.String",
          "Visibility": "Public",
          "GenericParameter": []
        },
        {
          "Kind": "Method",
          "Name": "set_ClaimType",
          "Parameters": [
            {
              "Name": "value",
              "Type": "System.String"
            }
          ],
          "ReturnType": "System.Void",
          "Visibility": "Public",
          "GenericParameter": []
        },
        {
          "Kind": "Method",
          "Name": "get_ClaimValue",
          "Parameters": [],
          "ReturnType": "System.String",
          "Visibility": "Public",
          "GenericParameter": []
        },
        {
          "Kind": "Method",
          "Name": "set_ClaimValue",
          "Parameters": [
            {
              "Name": "value",
              "Type": "System.String"
            }
          ],
          "ReturnType": "System.Void",
          "Visibility": "Public",
          "GenericParameter": []
        },
        {
          "Kind": "Method",
          "Name": "ToClaim",
          "Parameters": [],
          "ReturnType": "System.Security.Claims.Claim",
          "Visibility": "Public",
          "GenericParameter": []
        },
        {
          "Kind": "Constructor",
          "Name": ".ctor",
          "Parameters": [],
          "Visibility": "Public",
          "GenericParameter": []
        }
      ],
      "GenericParameters": [
        {
          "ParameterName": "TApplicationKey",
          "ParameterPosition": 0,
          "BaseTypeOrInterfaces": [
            "System.IEquatable<T0>"
          ]
        }
      ]
    },
    {
      "Name": "Microsoft.AspNetCore.Identity.Service.IdentityServiceRedirectUri<T0>",
      "Visibility": "Public",
      "Kind": "Class",
      "ImplementedInterfaces": [],
      "Members": [
        {
          "Kind": "Method",
          "Name": "get_Id",
          "Parameters": [],
          "ReturnType": "System.String",
          "Visibility": "Public",
          "GenericParameter": []
        },
        {
          "Kind": "Method",
          "Name": "set_Id",
          "Parameters": [
            {
              "Name": "value",
              "Type": "System.String"
            }
          ],
          "ReturnType": "System.Void",
          "Visibility": "Public",
          "GenericParameter": []
        },
        {
          "Kind": "Method",
          "Name": "get_ApplicationId",
          "Parameters": [],
          "ReturnType": "T0",
          "Visibility": "Public",
          "GenericParameter": []
        },
        {
          "Kind": "Method",
          "Name": "set_ApplicationId",
          "Parameters": [
            {
              "Name": "value",
              "Type": "T0"
            }
          ],
          "ReturnType": "System.Void",
          "Visibility": "Public",
          "GenericParameter": []
        },
        {
          "Kind": "Method",
          "Name": "get_IsLogout",
          "Parameters": [],
          "ReturnType": "System.Boolean",
          "Visibility": "Public",
          "GenericParameter": []
        },
        {
          "Kind": "Method",
          "Name": "set_IsLogout",
          "Parameters": [
            {
              "Name": "value",
              "Type": "System.Boolean"
            }
          ],
          "ReturnType": "System.Void",
          "Visibility": "Public",
          "GenericParameter": []
        },
        {
          "Kind": "Method",
          "Name": "get_Value",
          "Parameters": [],
          "ReturnType": "System.String",
          "Visibility": "Public",
          "GenericParameter": []
        },
        {
          "Kind": "Method",
          "Name": "set_Value",
          "Parameters": [
            {
              "Name": "value",
              "Type": "System.String"
            }
          ],
          "ReturnType": "System.Void",
          "Visibility": "Public",
          "GenericParameter": []
        },
        {
          "Kind": "Constructor",
          "Name": ".ctor",
          "Parameters": [],
          "Visibility": "Public",
          "GenericParameter": []
        }
      ],
      "GenericParameters": [
        {
          "ParameterName": "TApplicationKey",
          "ParameterPosition": 0,
          "BaseTypeOrInterfaces": []
        }
      ]
    },
    {
      "Name": "Microsoft.AspNetCore.Identity.Service.IdentityServiceScope<T0>",
      "Visibility": "Public",
      "Kind": "Class",
      "ImplementedInterfaces": [],
      "Members": [
        {
          "Kind": "Method",
          "Name": "get_Id",
          "Parameters": [],
          "ReturnType": "System.String",
          "Visibility": "Public",
          "GenericParameter": []
        },
        {
          "Kind": "Method",
          "Name": "set_Id",
          "Parameters": [
            {
              "Name": "value",
              "Type": "System.String"
            }
          ],
          "ReturnType": "System.Void",
          "Visibility": "Public",
          "GenericParameter": []
        },
        {
          "Kind": "Method",
          "Name": "get_ApplicationId",
          "Parameters": [],
          "ReturnType": "T0",
          "Visibility": "Public",
          "GenericParameter": []
        },
        {
          "Kind": "Method",
          "Name": "set_ApplicationId",
          "Parameters": [
            {
              "Name": "value",
              "Type": "T0"
            }
          ],
          "ReturnType": "System.Void",
          "Visibility": "Public",
          "GenericParameter": []
        },
        {
          "Kind": "Method",
          "Name": "get_Value",
          "Parameters": [],
          "ReturnType": "System.String",
          "Visibility": "Public",
          "GenericParameter": []
        },
        {
          "Kind": "Method",
          "Name": "set_Value",
          "Parameters": [
            {
              "Name": "value",
              "Type": "System.String"
            }
          ],
          "ReturnType": "System.Void",
          "Visibility": "Public",
          "GenericParameter": []
        },
        {
          "Kind": "Constructor",
          "Name": ".ctor",
          "Parameters": [],
          "Visibility": "Public",
          "GenericParameter": []
        }
      ],
      "GenericParameters": [
        {
          "ParameterName": "TApplicationKey",
          "ParameterPosition": 0,
          "BaseTypeOrInterfaces": []
        }
      ]
    },
    {
      "Name": "Microsoft.AspNetCore.Identity.Service.EntityFrameworkCore.ApplicationStore<T0, T1, T2, T3, T4, T5, T6>",
      "Visibility": "Public",
      "Kind": "Class",
      "ImplementedInterfaces": [
        "Microsoft.AspNetCore.Identity.Service.IRedirectUriStore<T0>",
        "Microsoft.AspNetCore.Identity.Service.IApplicationClaimStore<T0>",
        "Microsoft.AspNetCore.Identity.Service.IApplicationClientSecretStore<T0>",
        "Microsoft.AspNetCore.Identity.Service.IApplicationScopeStore<T0>",
        "Microsoft.AspNetCore.Identity.Service.IQueryableApplicationStore<T0>"
      ],
      "Members": [
        {
          "Kind": "Method",
          "Name": "CreateAsync",
          "Parameters": [
            {
              "Name": "application",
              "Type": "T0"
            },
            {
              "Name": "cancellationToken",
              "Type": "System.Threading.CancellationToken"
            }
          ],
          "ReturnType": "System.Threading.Tasks.Task<Microsoft.AspNetCore.Identity.Service.IdentityServiceResult>",
          "Sealed": true,
          "Virtual": true,
          "ImplementedInterface": "Microsoft.AspNetCore.Identity.Service.IApplicationStore<T0>",
          "Visibility": "Public",
          "GenericParameter": []
        },
        {
          "Kind": "Method",
          "Name": "UpdateAsync",
          "Parameters": [
            {
              "Name": "application",
              "Type": "T0"
            },
            {
              "Name": "cancellationToken",
              "Type": "System.Threading.CancellationToken"
            }
          ],
          "ReturnType": "System.Threading.Tasks.Task<Microsoft.AspNetCore.Identity.Service.IdentityServiceResult>",
          "Sealed": true,
          "Virtual": true,
          "ImplementedInterface": "Microsoft.AspNetCore.Identity.Service.IApplicationStore<T0>",
          "Visibility": "Public",
          "GenericParameter": []
        },
        {
          "Kind": "Method",
          "Name": "DeleteAsync",
          "Parameters": [
            {
              "Name": "application",
              "Type": "T0"
            },
            {
              "Name": "cancellationToken",
              "Type": "System.Threading.CancellationToken"
            }
          ],
          "ReturnType": "System.Threading.Tasks.Task<Microsoft.AspNetCore.Identity.Service.IdentityServiceResult>",
          "Sealed": true,
          "Virtual": true,
          "ImplementedInterface": "Microsoft.AspNetCore.Identity.Service.IApplicationStore<T0>",
          "Visibility": "Public",
          "GenericParameter": []
        },
        {
          "Kind": "Method",
          "Name": "FindByIdAsync",
          "Parameters": [
            {
              "Name": "applicationId",
              "Type": "System.String"
            },
            {
              "Name": "cancellationToken",
              "Type": "System.Threading.CancellationToken"
            }
          ],
          "ReturnType": "System.Threading.Tasks.Task<T0>",
          "Sealed": true,
          "Virtual": true,
          "ImplementedInterface": "Microsoft.AspNetCore.Identity.Service.IApplicationStore<T0>",
          "Visibility": "Public",
          "GenericParameter": []
        },
        {
          "Kind": "Method",
          "Name": "FindByUserIdAsync",
          "Parameters": [
            {
              "Name": "userId",
              "Type": "System.String"
            },
            {
              "Name": "cancellationToken",
              "Type": "System.Threading.CancellationToken"
            }
          ],
          "ReturnType": "System.Threading.Tasks.Task<System.Collections.Generic.IEnumerable<T0>>",
          "Sealed": true,
          "Virtual": true,
          "ImplementedInterface": "Microsoft.AspNetCore.Identity.Service.IApplicationStore<T0>",
          "Visibility": "Public",
          "GenericParameter": []
        },
        {
          "Kind": "Method",
          "Name": "FindByClientIdAsync",
          "Parameters": [
            {
              "Name": "clientId",
              "Type": "System.String"
            },
            {
              "Name": "cancellationToken",
              "Type": "System.Threading.CancellationToken"
            }
          ],
          "ReturnType": "System.Threading.Tasks.Task<T0>",
          "Sealed": true,
          "Virtual": true,
          "ImplementedInterface": "Microsoft.AspNetCore.Identity.Service.IApplicationStore<T0>",
          "Visibility": "Public",
          "GenericParameter": []
        },
        {
          "Kind": "Method",
          "Name": "FindByNameAsync",
          "Parameters": [
            {
              "Name": "name",
              "Type": "System.String"
            },
            {
              "Name": "cancellationToken",
              "Type": "System.Threading.CancellationToken"
            }
          ],
          "ReturnType": "System.Threading.Tasks.Task<T0>",
          "Sealed": true,
          "Virtual": true,
          "ImplementedInterface": "Microsoft.AspNetCore.Identity.Service.IApplicationStore<T0>",
          "Visibility": "Public",
          "GenericParameter": []
        },
        {
          "Kind": "Method",
          "Name": "GetApplicationIdAsync",
          "Parameters": [
            {
              "Name": "application",
              "Type": "T0"
            },
            {
              "Name": "cancellationToken",
              "Type": "System.Threading.CancellationToken"
            }
          ],
          "ReturnType": "System.Threading.Tasks.Task<System.String>",
          "Sealed": true,
          "Virtual": true,
          "ImplementedInterface": "Microsoft.AspNetCore.Identity.Service.IApplicationStore<T0>",
          "Visibility": "Public",
          "GenericParameter": []
        },
        {
          "Kind": "Method",
          "Name": "GetApplicationNameAsync",
          "Parameters": [
            {
              "Name": "application",
              "Type": "T0"
            },
            {
              "Name": "cancellationToken",
              "Type": "System.Threading.CancellationToken"
            }
          ],
          "ReturnType": "System.Threading.Tasks.Task<System.String>",
          "Sealed": true,
          "Virtual": true,
          "ImplementedInterface": "Microsoft.AspNetCore.Identity.Service.IApplicationStore<T0>",
          "Visibility": "Public",
          "GenericParameter": []
        },
        {
          "Kind": "Method",
          "Name": "SetApplicationNameAsync",
          "Parameters": [
            {
              "Name": "application",
              "Type": "T0"
            },
            {
              "Name": "name",
              "Type": "System.String"
            },
            {
              "Name": "cancellationToken",
              "Type": "System.Threading.CancellationToken"
            }
          ],
          "ReturnType": "System.Threading.Tasks.Task",
          "Sealed": true,
          "Virtual": true,
          "ImplementedInterface": "Microsoft.AspNetCore.Identity.Service.IApplicationStore<T0>",
          "Visibility": "Public",
          "GenericParameter": []
        },
        {
          "Kind": "Method",
          "Name": "GetApplicationClientIdAsync",
          "Parameters": [
            {
              "Name": "application",
              "Type": "T0"
            },
            {
              "Name": "cancellationToken",
              "Type": "System.Threading.CancellationToken"
            }
          ],
          "ReturnType": "System.Threading.Tasks.Task<System.String>",
          "Sealed": true,
          "Virtual": true,
          "ImplementedInterface": "Microsoft.AspNetCore.Identity.Service.IApplicationStore<T0>",
          "Visibility": "Public",
          "GenericParameter": []
        },
        {
          "Kind": "Method",
          "Name": "GetApplicationUserIdAsync",
          "Parameters": [
            {
              "Name": "application",
              "Type": "T0"
            },
            {
              "Name": "cancellationToken",
              "Type": "System.Threading.CancellationToken"
            }
          ],
          "ReturnType": "System.Threading.Tasks.Task<System.String>",
          "Sealed": true,
          "Virtual": true,
          "ImplementedInterface": "Microsoft.AspNetCore.Identity.Service.IApplicationStore<T0>",
          "Visibility": "Public",
          "GenericParameter": []
        },
        {
          "Kind": "Method",
          "Name": "Dispose",
          "Parameters": [],
          "ReturnType": "System.Void",
          "Sealed": true,
          "Virtual": true,
          "ImplementedInterface": "System.IDisposable",
          "Visibility": "Public",
          "GenericParameter": []
        },
        {
          "Kind": "Method",
          "Name": "get_Context",
          "Parameters": [],
          "ReturnType": "T4",
          "Visibility": "Public",
          "GenericParameter": []
        },
        {
          "Kind": "Method",
          "Name": "get_ErrorDescriber",
          "Parameters": [],
          "ReturnType": "Microsoft.AspNetCore.Identity.Service.ApplicationErrorDescriber",
          "Visibility": "Public",
          "GenericParameter": []
        },
        {
          "Kind": "Method",
          "Name": "get_ApplicationsSet",
          "Parameters": [],
          "ReturnType": "Microsoft.EntityFrameworkCore.DbSet<T0>",
          "Visibility": "Public",
          "GenericParameter": []
        },
        {
          "Kind": "Method",
          "Name": "get_Scopes",
          "Parameters": [],
          "ReturnType": "Microsoft.EntityFrameworkCore.DbSet<T1>",
          "Visibility": "Public",
          "GenericParameter": []
        },
        {
          "Kind": "Method",
          "Name": "get_ApplicationClaims",
          "Parameters": [],
          "ReturnType": "Microsoft.EntityFrameworkCore.DbSet<T2>",
          "Visibility": "Public",
          "GenericParameter": []
        },
        {
          "Kind": "Method",
          "Name": "get_RedirectUris",
          "Parameters": [],
          "ReturnType": "Microsoft.EntityFrameworkCore.DbSet<T3>",
          "Visibility": "Public",
          "GenericParameter": []
        },
        {
          "Kind": "Method",
          "Name": "get_Applications",
          "Parameters": [],
          "ReturnType": "System.Linq.IQueryable<T0>",
          "Virtual": true,
          "ImplementedInterface": "Microsoft.AspNetCore.Identity.Service.IQueryableApplicationStore<T0>",
          "Visibility": "Public",
          "GenericParameter": []
        },
        {
          "Kind": "Method",
          "Name": "get_AutoSaveChanges",
          "Parameters": [],
          "ReturnType": "System.Boolean",
          "Visibility": "Public",
          "GenericParameter": []
        },
        {
          "Kind": "Method",
          "Name": "set_AutoSaveChanges",
          "Parameters": [
            {
              "Name": "value",
              "Type": "System.Boolean"
            }
          ],
          "ReturnType": "System.Void",
          "Visibility": "Public",
          "GenericParameter": []
        },
        {
          "Kind": "Method",
          "Name": "SaveChanges",
          "Parameters": [
            {
              "Name": "cancellationToken",
              "Type": "System.Threading.CancellationToken"
            }
          ],
          "ReturnType": "System.Threading.Tasks.Task",
          "Visibility": "Protected",
          "GenericParameter": []
        },
        {
          "Kind": "Method",
          "Name": "FindRegisteredUrisAsync",
          "Parameters": [
            {
              "Name": "app",
              "Type": "T0"
            },
            {
              "Name": "cancellationToken",
              "Type": "System.Threading.CancellationToken"
            }
          ],
          "ReturnType": "System.Threading.Tasks.Task<System.Collections.Generic.IEnumerable<System.String>>",
          "Sealed": true,
          "Virtual": true,
          "ImplementedInterface": "Microsoft.AspNetCore.Identity.Service.IRedirectUriStore<T0>",
          "Visibility": "Public",
          "GenericParameter": []
        },
        {
          "Kind": "Method",
          "Name": "RegisterRedirectUriAsync",
          "Parameters": [
            {
              "Name": "app",
              "Type": "T0"
            },
            {
              "Name": "redirectUri",
              "Type": "System.String"
            },
            {
              "Name": "cancellationToken",
              "Type": "System.Threading.CancellationToken"
            }
          ],
          "ReturnType": "System.Threading.Tasks.Task<Microsoft.AspNetCore.Identity.Service.IdentityServiceResult>",
          "Sealed": true,
          "Virtual": true,
          "ImplementedInterface": "Microsoft.AspNetCore.Identity.Service.IRedirectUriStore<T0>",
          "Visibility": "Public",
          "GenericParameter": []
        },
        {
          "Kind": "Method",
          "Name": "UnregisterRedirectUriAsync",
          "Parameters": [
            {
              "Name": "app",
              "Type": "T0"
            },
            {
              "Name": "redirectUri",
              "Type": "System.String"
            },
            {
              "Name": "cancellationToken",
              "Type": "System.Threading.CancellationToken"
            }
          ],
          "ReturnType": "System.Threading.Tasks.Task<Microsoft.AspNetCore.Identity.Service.IdentityServiceResult>",
          "Sealed": true,
          "Virtual": true,
          "ImplementedInterface": "Microsoft.AspNetCore.Identity.Service.IRedirectUriStore<T0>",
          "Visibility": "Public",
          "GenericParameter": []
        },
        {
          "Kind": "Method",
          "Name": "UpdateRedirectUriAsync",
          "Parameters": [
            {
              "Name": "app",
              "Type": "T0"
            },
            {
              "Name": "oldRedirectUri",
              "Type": "System.String"
            },
            {
              "Name": "newRedirectUri",
              "Type": "System.String"
            },
            {
              "Name": "cancellationToken",
              "Type": "System.Threading.CancellationToken"
            }
          ],
          "ReturnType": "System.Threading.Tasks.Task<Microsoft.AspNetCore.Identity.Service.IdentityServiceResult>",
          "Sealed": true,
          "Virtual": true,
          "ImplementedInterface": "Microsoft.AspNetCore.Identity.Service.IRedirectUriStore<T0>",
          "Visibility": "Public",
          "GenericParameter": []
        },
        {
          "Kind": "Method",
          "Name": "FindRegisteredLogoutUrisAsync",
          "Parameters": [
            {
              "Name": "app",
              "Type": "T0"
            },
            {
              "Name": "cancellationToken",
              "Type": "System.Threading.CancellationToken"
            }
          ],
          "ReturnType": "System.Threading.Tasks.Task<System.Collections.Generic.IEnumerable<System.String>>",
          "Sealed": true,
          "Virtual": true,
          "ImplementedInterface": "Microsoft.AspNetCore.Identity.Service.IRedirectUriStore<T0>",
          "Visibility": "Public",
          "GenericParameter": []
        },
        {
          "Kind": "Method",
          "Name": "RegisterLogoutRedirectUriAsync",
          "Parameters": [
            {
              "Name": "app",
              "Type": "T0"
            },
            {
              "Name": "redirectUri",
              "Type": "System.String"
            },
            {
              "Name": "cancellationToken",
              "Type": "System.Threading.CancellationToken"
            }
          ],
          "ReturnType": "System.Threading.Tasks.Task<Microsoft.AspNetCore.Identity.Service.IdentityServiceResult>",
          "Sealed": true,
          "Virtual": true,
          "ImplementedInterface": "Microsoft.AspNetCore.Identity.Service.IRedirectUriStore<T0>",
          "Visibility": "Public",
          "GenericParameter": []
        },
        {
          "Kind": "Method",
          "Name": "UnregisterLogoutRedirectUriAsync",
          "Parameters": [
            {
              "Name": "app",
              "Type": "T0"
            },
            {
              "Name": "redirectUri",
              "Type": "System.String"
            },
            {
              "Name": "cancellationToken",
              "Type": "System.Threading.CancellationToken"
            }
          ],
          "ReturnType": "System.Threading.Tasks.Task<Microsoft.AspNetCore.Identity.Service.IdentityServiceResult>",
          "Sealed": true,
          "Virtual": true,
          "ImplementedInterface": "Microsoft.AspNetCore.Identity.Service.IRedirectUriStore<T0>",
          "Visibility": "Public",
          "GenericParameter": []
        },
        {
          "Kind": "Method",
          "Name": "UpdateLogoutRedirectUriAsync",
          "Parameters": [
            {
              "Name": "app",
              "Type": "T0"
            },
            {
              "Name": "oldRedirectUri",
              "Type": "System.String"
            },
            {
              "Name": "newRedirectUri",
              "Type": "System.String"
            },
            {
              "Name": "cancellationToken",
              "Type": "System.Threading.CancellationToken"
            }
          ],
          "ReturnType": "System.Threading.Tasks.Task<Microsoft.AspNetCore.Identity.Service.IdentityServiceResult>",
          "Sealed": true,
          "Virtual": true,
          "ImplementedInterface": "Microsoft.AspNetCore.Identity.Service.IRedirectUriStore<T0>",
          "Visibility": "Public",
          "GenericParameter": []
        },
        {
          "Kind": "Method",
          "Name": "ThrowIfDisposed",
          "Parameters": [],
          "ReturnType": "System.Void",
          "Visibility": "Protected",
          "GenericParameter": []
        },
        {
          "Kind": "Method",
          "Name": "ConvertApplicationIdToString",
          "Parameters": [
            {
              "Name": "id",
              "Type": "T5"
            }
          ],
          "ReturnType": "System.String",
          "Virtual": true,
          "Visibility": "Public",
          "GenericParameter": []
        },
        {
          "Kind": "Method",
          "Name": "ConvertUserIdToString",
          "Parameters": [
            {
              "Name": "id",
              "Type": "T6"
            }
          ],
          "ReturnType": "System.String",
          "Virtual": true,
          "Visibility": "Public",
          "GenericParameter": []
        },
        {
          "Kind": "Method",
          "Name": "ConvertApplicationIdFromString",
          "Parameters": [
            {
              "Name": "id",
              "Type": "System.String"
            }
          ],
          "ReturnType": "T5",
          "Virtual": true,
          "Visibility": "Public",
          "GenericParameter": []
        },
        {
          "Kind": "Method",
          "Name": "ConvertUserIdFromString",
          "Parameters": [
            {
              "Name": "id",
              "Type": "System.String"
            }
          ],
          "ReturnType": "T6",
          "Virtual": true,
          "Visibility": "Public",
          "GenericParameter": []
        },
        {
          "Kind": "Method",
          "Name": "SetClientSecretHashAsync",
          "Parameters": [
            {
              "Name": "application",
              "Type": "T0"
            },
            {
              "Name": "clientSecretHash",
              "Type": "System.String"
            },
            {
              "Name": "cancellationToken",
              "Type": "System.Threading.CancellationToken"
            }
          ],
          "ReturnType": "System.Threading.Tasks.Task",
          "Sealed": true,
          "Virtual": true,
          "ImplementedInterface": "Microsoft.AspNetCore.Identity.Service.IApplicationClientSecretStore<T0>",
          "Visibility": "Public",
          "GenericParameter": []
        },
        {
          "Kind": "Method",
          "Name": "GetClientSecretHashAsync",
          "Parameters": [
            {
              "Name": "application",
              "Type": "T0"
            },
            {
              "Name": "cancellationToken",
              "Type": "System.Threading.CancellationToken"
            }
          ],
          "ReturnType": "System.Threading.Tasks.Task<System.String>",
          "Sealed": true,
          "Virtual": true,
          "ImplementedInterface": "Microsoft.AspNetCore.Identity.Service.IApplicationClientSecretStore<T0>",
          "Visibility": "Public",
          "GenericParameter": []
        },
        {
          "Kind": "Method",
          "Name": "HasClientSecretAsync",
          "Parameters": [
            {
              "Name": "application",
              "Type": "T0"
            },
            {
              "Name": "cancellationToken",
              "Type": "System.Threading.CancellationToken"
            }
          ],
          "ReturnType": "System.Threading.Tasks.Task<System.Boolean>",
          "Sealed": true,
          "Virtual": true,
          "ImplementedInterface": "Microsoft.AspNetCore.Identity.Service.IApplicationClientSecretStore<T0>",
          "Visibility": "Public",
          "GenericParameter": []
        },
        {
          "Kind": "Method",
          "Name": "FindScopesAsync",
          "Parameters": [
            {
              "Name": "application",
              "Type": "T0"
            },
            {
              "Name": "cancellationToken",
              "Type": "System.Threading.CancellationToken"
            }
          ],
          "ReturnType": "System.Threading.Tasks.Task<System.Collections.Generic.IEnumerable<System.String>>",
          "Sealed": true,
          "Virtual": true,
          "ImplementedInterface": "Microsoft.AspNetCore.Identity.Service.IApplicationScopeStore<T0>",
          "Visibility": "Public",
          "GenericParameter": []
        },
        {
          "Kind": "Method",
          "Name": "AddScopeAsync",
          "Parameters": [
            {
              "Name": "application",
              "Type": "T0"
            },
            {
              "Name": "scope",
              "Type": "System.String"
            },
            {
              "Name": "cancellationToken",
              "Type": "System.Threading.CancellationToken"
            }
          ],
          "ReturnType": "System.Threading.Tasks.Task<Microsoft.AspNetCore.Identity.Service.IdentityServiceResult>",
          "Sealed": true,
          "Virtual": true,
          "ImplementedInterface": "Microsoft.AspNetCore.Identity.Service.IApplicationScopeStore<T0>",
          "Visibility": "Public",
          "GenericParameter": []
        },
        {
          "Kind": "Method",
          "Name": "UpdateScopeAsync",
          "Parameters": [
            {
              "Name": "application",
              "Type": "T0"
            },
            {
              "Name": "oldScope",
              "Type": "System.String"
            },
            {
              "Name": "newScope",
              "Type": "System.String"
            },
            {
              "Name": "cancellationToken",
              "Type": "System.Threading.CancellationToken"
            }
          ],
          "ReturnType": "System.Threading.Tasks.Task<Microsoft.AspNetCore.Identity.Service.IdentityServiceResult>",
          "Sealed": true,
          "Virtual": true,
          "ImplementedInterface": "Microsoft.AspNetCore.Identity.Service.IApplicationScopeStore<T0>",
          "Visibility": "Public",
          "GenericParameter": []
        },
        {
          "Kind": "Method",
          "Name": "RemoveScopeAsync",
          "Parameters": [
            {
              "Name": "application",
              "Type": "T0"
            },
            {
              "Name": "scope",
              "Type": "System.String"
            },
            {
              "Name": "cancellationToken",
              "Type": "System.Threading.CancellationToken"
            }
          ],
          "ReturnType": "System.Threading.Tasks.Task<Microsoft.AspNetCore.Identity.Service.IdentityServiceResult>",
          "Sealed": true,
          "Virtual": true,
          "ImplementedInterface": "Microsoft.AspNetCore.Identity.Service.IApplicationScopeStore<T0>",
          "Visibility": "Public",
          "GenericParameter": []
        },
        {
          "Kind": "Method",
          "Name": "GetClaimsAsync",
          "Parameters": [
            {
              "Name": "application",
              "Type": "T0"
            },
            {
              "Name": "cancellationToken",
              "Type": "System.Threading.CancellationToken"
            }
          ],
          "ReturnType": "System.Threading.Tasks.Task<System.Collections.Generic.IList<System.Security.Claims.Claim>>",
          "Sealed": true,
          "Virtual": true,
          "ImplementedInterface": "Microsoft.AspNetCore.Identity.Service.IApplicationClaimStore<T0>",
          "Visibility": "Public",
          "GenericParameter": []
        },
        {
          "Kind": "Method",
          "Name": "AddClaimsAsync",
          "Parameters": [
            {
              "Name": "application",
              "Type": "T0"
            },
            {
              "Name": "claims",
              "Type": "System.Collections.Generic.IEnumerable<System.Security.Claims.Claim>"
            },
            {
              "Name": "cancellationToken",
              "Type": "System.Threading.CancellationToken"
            }
          ],
          "ReturnType": "System.Threading.Tasks.Task",
          "Sealed": true,
          "Virtual": true,
          "ImplementedInterface": "Microsoft.AspNetCore.Identity.Service.IApplicationClaimStore<T0>",
          "Visibility": "Public",
          "GenericParameter": []
        },
        {
          "Kind": "Method",
          "Name": "ReplaceClaimAsync",
          "Parameters": [
            {
              "Name": "application",
              "Type": "T0"
            },
            {
              "Name": "oldClaim",
              "Type": "System.Security.Claims.Claim"
            },
            {
              "Name": "newClaim",
              "Type": "System.Security.Claims.Claim"
            },
            {
              "Name": "cancellationToken",
              "Type": "System.Threading.CancellationToken"
            }
          ],
          "ReturnType": "System.Threading.Tasks.Task",
          "Sealed": true,
          "Virtual": true,
          "ImplementedInterface": "Microsoft.AspNetCore.Identity.Service.IApplicationClaimStore<T0>",
          "Visibility": "Public",
          "GenericParameter": []
        },
        {
          "Kind": "Method",
          "Name": "RemoveClaimsAsync",
          "Parameters": [
            {
              "Name": "application",
              "Type": "T0"
            },
            {
              "Name": "claims",
              "Type": "System.Collections.Generic.IEnumerable<System.Security.Claims.Claim>"
            },
            {
              "Name": "cancellationToken",
              "Type": "System.Threading.CancellationToken"
            }
          ],
          "ReturnType": "System.Threading.Tasks.Task",
          "Sealed": true,
          "Virtual": true,
          "ImplementedInterface": "Microsoft.AspNetCore.Identity.Service.IApplicationClaimStore<T0>",
          "Visibility": "Public",
          "GenericParameter": []
        },
        {
          "Kind": "Constructor",
          "Name": ".ctor",
          "Parameters": [
            {
              "Name": "context",
              "Type": "T4"
            },
            {
              "Name": "errorDescriber",
              "Type": "Microsoft.AspNetCore.Identity.Service.ApplicationErrorDescriber"
            }
          ],
          "Visibility": "Public",
          "GenericParameter": []
        }
      ],
      "GenericParameters": [
        {
          "ParameterName": "TApplication",
          "ParameterPosition": 0,
          "BaseTypeOrInterfaces": [
            "Microsoft.AspNetCore.Identity.Service.IdentityServiceApplication<T5, T6, T1, T2, T3>"
          ]
        },
        {
          "ParameterName": "TScope",
          "ParameterPosition": 1,
          "New": true,
          "BaseTypeOrInterfaces": [
            "Microsoft.AspNetCore.Identity.Service.IdentityServiceScope<T5>"
          ]
        },
        {
          "ParameterName": "TApplicationClaim",
          "ParameterPosition": 2,
          "New": true,
          "BaseTypeOrInterfaces": [
            "Microsoft.AspNetCore.Identity.Service.IdentityServiceApplicationClaim<T5>"
          ]
        },
        {
          "ParameterName": "TRedirectUri",
          "ParameterPosition": 3,
          "New": true,
          "BaseTypeOrInterfaces": [
            "Microsoft.AspNetCore.Identity.Service.IdentityServiceRedirectUri<T5>"
          ]
        },
        {
          "ParameterName": "TContext",
          "ParameterPosition": 4,
          "BaseTypeOrInterfaces": [
            "Microsoft.EntityFrameworkCore.DbContext"
          ]
        },
        {
          "ParameterName": "TKey",
          "ParameterPosition": 5,
          "BaseTypeOrInterfaces": [
            "System.IEquatable<T5>"
          ]
        },
        {
          "ParameterName": "TUserKey",
          "ParameterPosition": 6,
          "BaseTypeOrInterfaces": [
            "System.IEquatable<T6>"
          ]
        }
      ]
    },
    {
      "Name": "Microsoft.AspNetCore.Identity.Service.EntityFrameworkCore.IdentityServiceBuilderExtensions",
      "Visibility": "Public",
      "Kind": "Class",
      "Abstract": true,
      "Static": true,
      "Sealed": true,
      "ImplementedInterfaces": [],
      "Members": [
        {
          "Kind": "Method",
          "Name": "AddEntityFrameworkStores<T0>",
          "Parameters": [
            {
              "Name": "builder",
              "Type": "Microsoft.AspNetCore.Identity.Service.IIdentityServiceBuilder"
            }
          ],
          "ReturnType": "Microsoft.AspNetCore.Identity.Service.IIdentityServiceBuilder",
          "Static": true,
          "Extension": true,
          "Visibility": "Public",
          "GenericParameter": [
            {
              "ParameterName": "TContext",
              "ParameterPosition": 0,
              "BaseTypeOrInterfaces": [
                "Microsoft.EntityFrameworkCore.DbContext"
              ]
            }
          ]
        }
      ],
      "GenericParameters": []
    },
    {
      "Name": "Microsoft.AspNetCore.Identity.Service.EntityFrameworkCore.IdentityServiceDbContext<T0, T1>",
      "Visibility": "Public",
      "Kind": "Class",
      "Abstract": true,
      "BaseType": "Microsoft.AspNetCore.Identity.Service.EntityFrameworkCore.IdentityServiceDbContext<T0, Microsoft.AspNetCore.Identity.IdentityRole, System.String, T1, System.String>",
      "ImplementedInterfaces": [],
      "Members": [
        {
          "Kind": "Constructor",
          "Name": ".ctor",
          "Parameters": [
            {
              "Name": "options",
              "Type": "Microsoft.EntityFrameworkCore.DbContextOptions"
            }
          ],
          "Visibility": "Public",
          "GenericParameter": []
        }
      ],
      "GenericParameters": [
        {
          "ParameterName": "TUser",
          "ParameterPosition": 0,
          "BaseTypeOrInterfaces": [
            "Microsoft.AspNetCore.Identity.IdentityUser"
          ]
        },
        {
          "ParameterName": "TApplication",
          "ParameterPosition": 1,
          "BaseTypeOrInterfaces": [
            "Microsoft.AspNetCore.Identity.Service.IdentityServiceApplication"
          ]
        }
      ]
    },
    {
      "Name": "Microsoft.AspNetCore.Identity.Service.EntityFrameworkCore.IdentityServiceDbContext<T0, T1, T2, T3, T4>",
      "Visibility": "Public",
      "Kind": "Class",
      "Abstract": true,
      "BaseType": "Microsoft.AspNetCore.Identity.Service.EntityFrameworkCore.IdentityServiceDbContext<T0, T1, T2, Microsoft.AspNetCore.Identity.IdentityUserClaim<T2>, Microsoft.AspNetCore.Identity.IdentityUserRole<T2>, Microsoft.AspNetCore.Identity.IdentityUserLogin<T2>, Microsoft.AspNetCore.Identity.IdentityRoleClaim<T2>, Microsoft.AspNetCore.Identity.IdentityUserToken<T2>, T3, Microsoft.AspNetCore.Identity.Service.IdentityServiceScope<T4>, Microsoft.AspNetCore.Identity.Service.IdentityServiceApplicationClaim<T4>, Microsoft.AspNetCore.Identity.Service.IdentityServiceRedirectUri<T4>, T4>",
      "ImplementedInterfaces": [],
      "Members": [
        {
          "Kind": "Constructor",
          "Name": ".ctor",
          "Parameters": [
            {
              "Name": "options",
              "Type": "Microsoft.EntityFrameworkCore.DbContextOptions"
            }
          ],
          "Visibility": "Public",
          "GenericParameter": []
        }
      ],
      "GenericParameters": [
        {
          "ParameterName": "TUser",
          "ParameterPosition": 0,
          "BaseTypeOrInterfaces": [
            "Microsoft.AspNetCore.Identity.IdentityUser<T2>"
          ]
        },
        {
          "ParameterName": "TRole",
          "ParameterPosition": 1,
          "BaseTypeOrInterfaces": [
            "Microsoft.AspNetCore.Identity.IdentityRole<T2>"
          ]
        },
        {
          "ParameterName": "TUserKey",
          "ParameterPosition": 2,
          "BaseTypeOrInterfaces": [
            "System.IEquatable<T2>"
          ]
        },
        {
          "ParameterName": "TApplication",
          "ParameterPosition": 3,
          "BaseTypeOrInterfaces": [
            "Microsoft.AspNetCore.Identity.Service.IdentityServiceApplication<T4, T2>"
          ]
        },
        {
          "ParameterName": "TApplicationKey",
          "ParameterPosition": 4,
          "BaseTypeOrInterfaces": [
            "System.IEquatable<T4>"
          ]
        }
      ]
    },
    {
      "Name": "Microsoft.AspNetCore.Identity.Service.EntityFrameworkCore.IdentityServiceDbContext<T0, T1, T2, T3, T4, T5, T6, T7, T8, T9, T10, T11, T12>",
      "Visibility": "Public",
      "Kind": "Class",
      "Abstract": true,
      "BaseType": "Microsoft.AspNetCore.Identity.EntityFrameworkCore.IdentityDbContext<T0, T1, T2, T3, T4, T5, T6, T7>",
      "ImplementedInterfaces": [],
      "Members": [
        {
          "Kind": "Method",
          "Name": "OnModelCreating",
          "Parameters": [
            {
              "Name": "builder",
              "Type": "Microsoft.EntityFrameworkCore.ModelBuilder"
            }
          ],
          "ReturnType": "System.Void",
          "Virtual": true,
          "Override": true,
          "Visibility": "Protected",
          "GenericParameter": []
        },
        {
          "Kind": "Method",
          "Name": "get_Applications",
          "Parameters": [],
          "ReturnType": "Microsoft.EntityFrameworkCore.DbSet<T8>",
          "Visibility": "Public",
          "GenericParameter": []
        },
        {
          "Kind": "Method",
          "Name": "set_Applications",
          "Parameters": [
            {
              "Name": "value",
              "Type": "Microsoft.EntityFrameworkCore.DbSet<T8>"
            }
          ],
          "ReturnType": "System.Void",
          "Visibility": "Public",
          "GenericParameter": []
        },
        {
          "Kind": "Method",
          "Name": "get_RedirectUris",
          "Parameters": [],
          "ReturnType": "Microsoft.EntityFrameworkCore.DbSet<T11>",
          "Visibility": "Public",
          "GenericParameter": []
        },
        {
          "Kind": "Method",
          "Name": "set_RedirectUris",
          "Parameters": [
            {
              "Name": "value",
              "Type": "Microsoft.EntityFrameworkCore.DbSet<T11>"
            }
          ],
          "ReturnType": "System.Void",
          "Visibility": "Public",
          "GenericParameter": []
        },
        {
          "Kind": "Method",
          "Name": "get_Scopes",
          "Parameters": [],
          "ReturnType": "Microsoft.EntityFrameworkCore.DbSet<T9>",
          "Visibility": "Public",
          "GenericParameter": []
        },
        {
          "Kind": "Method",
          "Name": "set_Scopes",
          "Parameters": [
            {
              "Name": "value",
              "Type": "Microsoft.EntityFrameworkCore.DbSet<T9>"
            }
          ],
          "ReturnType": "System.Void",
          "Visibility": "Public",
          "GenericParameter": []
        },
        {
          "Kind": "Method",
          "Name": "get_ApplicationClaims",
          "Parameters": [],
          "ReturnType": "Microsoft.EntityFrameworkCore.DbSet<T10>",
          "Visibility": "Public",
          "GenericParameter": []
        },
        {
          "Kind": "Method",
          "Name": "set_ApplicationClaims",
          "Parameters": [
            {
              "Name": "value",
              "Type": "Microsoft.EntityFrameworkCore.DbSet<T10>"
            }
          ],
          "ReturnType": "System.Void",
          "Visibility": "Public",
          "GenericParameter": []
        },
        {
          "Kind": "Constructor",
          "Name": ".ctor",
          "Parameters": [
            {
              "Name": "options",
              "Type": "Microsoft.EntityFrameworkCore.DbContextOptions"
            }
          ],
          "Visibility": "Public",
          "GenericParameter": []
        }
      ],
      "GenericParameters": [
        {
          "ParameterName": "TUser",
          "ParameterPosition": 0,
          "BaseTypeOrInterfaces": [
            "Microsoft.AspNetCore.Identity.IdentityUser<T2>"
          ]
        },
        {
          "ParameterName": "TRole",
          "ParameterPosition": 1,
          "BaseTypeOrInterfaces": [
            "Microsoft.AspNetCore.Identity.IdentityRole<T2>"
          ]
        },
        {
          "ParameterName": "TUserKey",
          "ParameterPosition": 2,
          "BaseTypeOrInterfaces": [
            "System.IEquatable<T2>"
          ]
        },
        {
          "ParameterName": "TUserClaim",
          "ParameterPosition": 3,
          "BaseTypeOrInterfaces": [
            "Microsoft.AspNetCore.Identity.IdentityUserClaim<T2>"
          ]
        },
        {
          "ParameterName": "TUserRole",
          "ParameterPosition": 4,
          "BaseTypeOrInterfaces": [
            "Microsoft.AspNetCore.Identity.IdentityUserRole<T2>"
          ]
        },
        {
          "ParameterName": "TUserLogin",
          "ParameterPosition": 5,
          "BaseTypeOrInterfaces": [
            "Microsoft.AspNetCore.Identity.IdentityUserLogin<T2>"
          ]
        },
        {
          "ParameterName": "TRoleClaim",
          "ParameterPosition": 6,
          "BaseTypeOrInterfaces": [
            "Microsoft.AspNetCore.Identity.IdentityRoleClaim<T2>"
          ]
        },
        {
          "ParameterName": "TUserToken",
          "ParameterPosition": 7,
          "BaseTypeOrInterfaces": [
            "Microsoft.AspNetCore.Identity.IdentityUserToken<T2>"
          ]
        },
        {
          "ParameterName": "TApplication",
          "ParameterPosition": 8,
          "BaseTypeOrInterfaces": [
            "Microsoft.AspNetCore.Identity.Service.IdentityServiceApplication<T12, T2, T9, T10, T11>"
          ]
        },
        {
          "ParameterName": "TScope",
          "ParameterPosition": 9,
          "BaseTypeOrInterfaces": [
            "Microsoft.AspNetCore.Identity.Service.IdentityServiceScope<T12>"
          ]
        },
        {
          "ParameterName": "TApplicationClaim",
          "ParameterPosition": 10,
          "BaseTypeOrInterfaces": [
            "Microsoft.AspNetCore.Identity.Service.IdentityServiceApplicationClaim<T12>"
          ]
        },
        {
          "ParameterName": "TRedirectUri",
          "ParameterPosition": 11,
          "BaseTypeOrInterfaces": [
            "Microsoft.AspNetCore.Identity.Service.IdentityServiceRedirectUri<T12>"
          ]
        },
        {
          "ParameterName": "TApplicationKey",
          "ParameterPosition": 12,
          "BaseTypeOrInterfaces": [
            "System.IEquatable<T12>"
          ]
        }
      ]
    }
  ]
}