{
  "AssemblyIdentity": "Microsoft.AspNetCore.Identity, Version=2.1.1.0, Culture=neutral, PublicKeyToken=adb9793829ddae60",
  "Types": [
    {
      "Name": "Microsoft.Extensions.DependencyInjection.IdentityServiceCollectionExtensions",
      "Visibility": "Public",
      "Kind": "Class",
      "Abstract": true,
      "Static": true,
      "Sealed": true,
      "ImplementedInterfaces": [],
      "Members": [
        {
          "Kind": "Method",
          "Name": "AddIdentity<T0, T1>",
          "Parameters": [
            {
              "Name": "services",
              "Type": "Microsoft.Extensions.DependencyInjection.IServiceCollection"
            }
          ],
          "ReturnType": "Microsoft.AspNetCore.Identity.IdentityBuilder",
          "Static": true,
          "Extension": true,
          "Visibility": "Public",
          "GenericParameter": [
            {
              "ParameterName": "TUser",
              "ParameterPosition": 0,
              "Class": true,
              "BaseTypeOrInterfaces": []
            },
            {
              "ParameterName": "TRole",
              "ParameterPosition": 1,
              "Class": true,
              "BaseTypeOrInterfaces": []
            }
          ]
        },
        {
          "Kind": "Method",
          "Name": "AddIdentity<T0, T1>",
          "Parameters": [
            {
              "Name": "services",
              "Type": "Microsoft.Extensions.DependencyInjection.IServiceCollection"
            },
            {
              "Name": "setupAction",
              "Type": "System.Action<Microsoft.AspNetCore.Identity.IdentityOptions>"
            }
          ],
          "ReturnType": "Microsoft.AspNetCore.Identity.IdentityBuilder",
          "Static": true,
          "Extension": true,
          "Visibility": "Public",
          "GenericParameter": [
            {
              "ParameterName": "TUser",
              "ParameterPosition": 0,
              "Class": true,
              "BaseTypeOrInterfaces": []
            },
            {
              "ParameterName": "TRole",
              "ParameterPosition": 1,
              "Class": true,
              "BaseTypeOrInterfaces": []
            }
          ]
        },
        {
          "Kind": "Method",
          "Name": "ConfigureApplicationCookie",
          "Parameters": [
            {
              "Name": "services",
              "Type": "Microsoft.Extensions.DependencyInjection.IServiceCollection"
            },
            {
              "Name": "configure",
              "Type": "System.Action<Microsoft.AspNetCore.Authentication.Cookies.CookieAuthenticationOptions>"
            }
          ],
          "ReturnType": "Microsoft.Extensions.DependencyInjection.IServiceCollection",
          "Static": true,
          "Extension": true,
          "Visibility": "Public",
          "GenericParameter": []
        },
        {
          "Kind": "Method",
          "Name": "ConfigureExternalCookie",
          "Parameters": [
            {
              "Name": "services",
              "Type": "Microsoft.Extensions.DependencyInjection.IServiceCollection"
            },
            {
              "Name": "configure",
              "Type": "System.Action<Microsoft.AspNetCore.Authentication.Cookies.CookieAuthenticationOptions>"
            }
          ],
          "ReturnType": "Microsoft.Extensions.DependencyInjection.IServiceCollection",
          "Static": true,
          "Extension": true,
          "Visibility": "Public",
          "GenericParameter": []
        }
      ],
      "GenericParameters": []
    },
    {
      "Name": "Microsoft.AspNetCore.Builder.BuilderExtensions",
      "Visibility": "Public",
      "Kind": "Class",
      "Abstract": true,
      "Static": true,
      "Sealed": true,
      "ImplementedInterfaces": [],
      "Members": [
        {
          "Kind": "Method",
          "Name": "UseIdentity",
          "Parameters": [
            {
              "Name": "app",
              "Type": "Microsoft.AspNetCore.Builder.IApplicationBuilder"
            }
          ],
          "ReturnType": "Microsoft.AspNetCore.Builder.IApplicationBuilder",
          "Static": true,
          "Extension": true,
          "Visibility": "Public",
          "GenericParameter": []
        }
      ],
      "GenericParameters": []
    },
    {
      "Name": "Microsoft.AspNetCore.Identity.AspNetRoleManager<T0>",
      "Visibility": "Public",
      "Kind": "Class",
      "BaseType": "Microsoft.AspNetCore.Identity.RoleManager<T0>",
      "ImplementedInterfaces": [],
      "Members": [
        {
          "Kind": "Method",
          "Name": "get_CancellationToken",
          "Parameters": [],
          "ReturnType": "System.Threading.CancellationToken",
          "Virtual": true,
          "Override": true,
          "Visibility": "Protected",
          "GenericParameter": []
        },
        {
          "Kind": "Constructor",
          "Name": ".ctor",
          "Parameters": [
            {
              "Name": "store",
              "Type": "Microsoft.AspNetCore.Identity.IRoleStore<T0>"
            },
            {
              "Name": "roleValidators",
              "Type": "System.Collections.Generic.IEnumerable<Microsoft.AspNetCore.Identity.IRoleValidator<T0>>"
            },
            {
              "Name": "keyNormalizer",
              "Type": "Microsoft.AspNetCore.Identity.ILookupNormalizer"
            },
            {
              "Name": "errors",
              "Type": "Microsoft.AspNetCore.Identity.IdentityErrorDescriber"
            },
            {
              "Name": "logger",
              "Type": "Microsoft.Extensions.Logging.ILogger<Microsoft.AspNetCore.Identity.RoleManager<T0>>"
            },
            {
              "Name": "contextAccessor",
              "Type": "Microsoft.AspNetCore.Http.IHttpContextAccessor"
            }
          ],
          "Visibility": "Public",
          "GenericParameter": []
        }
      ],
      "GenericParameters": [
        {
          "ParameterName": "TRole",
          "ParameterPosition": 0,
          "Class": true,
          "BaseTypeOrInterfaces": []
        }
      ]
    },
    {
      "Name": "Microsoft.AspNetCore.Identity.AspNetUserManager<T0>",
      "Visibility": "Public",
      "Kind": "Class",
      "BaseType": "Microsoft.AspNetCore.Identity.UserManager<T0>",
      "ImplementedInterfaces": [],
      "Members": [
        {
          "Kind": "Method",
          "Name": "get_CancellationToken",
          "Parameters": [],
          "ReturnType": "System.Threading.CancellationToken",
          "Virtual": true,
          "Override": true,
          "Visibility": "Protected",
          "GenericParameter": []
        },
        {
          "Kind": "Constructor",
          "Name": ".ctor",
          "Parameters": [
            {
              "Name": "store",
              "Type": "Microsoft.AspNetCore.Identity.IUserStore<T0>"
            },
            {
              "Name": "optionsAccessor",
              "Type": "Microsoft.Extensions.Options.IOptions<Microsoft.AspNetCore.Identity.IdentityOptions>"
            },
            {
              "Name": "passwordHasher",
              "Type": "Microsoft.AspNetCore.Identity.IPasswordHasher<T0>"
            },
            {
              "Name": "userValidators",
              "Type": "System.Collections.Generic.IEnumerable<Microsoft.AspNetCore.Identity.IUserValidator<T0>>"
            },
            {
              "Name": "passwordValidators",
              "Type": "System.Collections.Generic.IEnumerable<Microsoft.AspNetCore.Identity.IPasswordValidator<T0>>"
            },
            {
              "Name": "keyNormalizer",
              "Type": "Microsoft.AspNetCore.Identity.ILookupNormalizer"
            },
            {
              "Name": "errors",
              "Type": "Microsoft.AspNetCore.Identity.IdentityErrorDescriber"
            },
            {
              "Name": "services",
              "Type": "System.IServiceProvider"
            },
            {
              "Name": "logger",
              "Type": "Microsoft.Extensions.Logging.ILogger<Microsoft.AspNetCore.Identity.UserManager<T0>>"
            }
          ],
          "Visibility": "Public",
          "GenericParameter": []
        }
      ],
      "GenericParameters": [
        {
          "ParameterName": "TUser",
          "ParameterPosition": 0,
          "Class": true,
          "BaseTypeOrInterfaces": []
        }
      ]
    },
    {
      "Name": "Microsoft.AspNetCore.Identity.DataProtectorTokenProvider<T0>",
      "Visibility": "Public",
      "Kind": "Class",
      "ImplementedInterfaces": [
        "Microsoft.AspNetCore.Identity.IUserTwoFactorTokenProvider<T0>"
      ],
      "Members": [
        {
          "Kind": "Method",
          "Name": "get_Options",
          "Parameters": [],
          "ReturnType": "Microsoft.AspNetCore.Identity.DataProtectionTokenProviderOptions",
          "Visibility": "Protected",
          "GenericParameter": []
        },
        {
          "Kind": "Method",
          "Name": "get_Protector",
          "Parameters": [],
          "ReturnType": "Microsoft.AspNetCore.DataProtection.IDataProtector",
          "Visibility": "Protected",
          "GenericParameter": []
        },
        {
          "Kind": "Method",
          "Name": "get_Name",
          "Parameters": [],
          "ReturnType": "System.String",
          "Visibility": "Public",
          "GenericParameter": []
        },
        {
          "Kind": "Method",
          "Name": "GenerateAsync",
          "Parameters": [
            {
              "Name": "purpose",
              "Type": "System.String"
            },
            {
              "Name": "manager",
              "Type": "Microsoft.AspNetCore.Identity.UserManager<T0>"
            },
            {
              "Name": "user",
              "Type": "T0"
            }
          ],
          "ReturnType": "System.Threading.Tasks.Task<System.String>",
          "Virtual": true,
          "ImplementedInterface": "Microsoft.AspNetCore.Identity.IUserTwoFactorTokenProvider<T0>",
          "Visibility": "Public",
          "GenericParameter": []
        },
        {
          "Kind": "Method",
          "Name": "ValidateAsync",
          "Parameters": [
            {
              "Name": "purpose",
              "Type": "System.String"
            },
            {
              "Name": "token",
              "Type": "System.String"
            },
            {
              "Name": "manager",
              "Type": "Microsoft.AspNetCore.Identity.UserManager<T0>"
            },
            {
              "Name": "user",
              "Type": "T0"
            }
          ],
          "ReturnType": "System.Threading.Tasks.Task<System.Boolean>",
          "Virtual": true,
          "ImplementedInterface": "Microsoft.AspNetCore.Identity.IUserTwoFactorTokenProvider<T0>",
          "Visibility": "Public",
          "GenericParameter": []
        },
        {
          "Kind": "Method",
          "Name": "CanGenerateTwoFactorTokenAsync",
          "Parameters": [
            {
              "Name": "manager",
              "Type": "Microsoft.AspNetCore.Identity.UserManager<T0>"
            },
            {
              "Name": "user",
              "Type": "T0"
            }
          ],
          "ReturnType": "System.Threading.Tasks.Task<System.Boolean>",
          "Virtual": true,
          "ImplementedInterface": "Microsoft.AspNetCore.Identity.IUserTwoFactorTokenProvider<T0>",
          "Visibility": "Public",
          "GenericParameter": []
        },
        {
          "Kind": "Constructor",
          "Name": ".ctor",
          "Parameters": [
            {
              "Name": "dataProtectionProvider",
              "Type": "Microsoft.AspNetCore.DataProtection.IDataProtectionProvider"
            },
            {
              "Name": "options",
              "Type": "Microsoft.Extensions.Options.IOptions<Microsoft.AspNetCore.Identity.DataProtectionTokenProviderOptions>"
            }
          ],
          "Visibility": "Public",
          "GenericParameter": []
        }
      ],
      "GenericParameters": [
        {
          "ParameterName": "TUser",
          "ParameterPosition": 0,
          "Class": true,
          "BaseTypeOrInterfaces": []
        }
      ]
    },
    {
      "Name": "Microsoft.AspNetCore.Identity.DataProtectionTokenProviderOptions",
      "Visibility": "Public",
      "Kind": "Class",
      "ImplementedInterfaces": [],
      "Members": [
        {
          "Kind": "Method",
          "Name": "get_Name",
          "Parameters": [],
          "ReturnType": "System.String",
          "Visibility": "Public",
          "GenericParameter": []
        },
        {
          "Kind": "Method",
          "Name": "set_Name",
          "Parameters": [
            {
              "Name": "value",
              "Type": "System.String"
            }
          ],
          "ReturnType": "System.Void",
          "Visibility": "Public",
          "GenericParameter": []
        },
        {
          "Kind": "Method",
          "Name": "get_TokenLifespan",
          "Parameters": [],
          "ReturnType": "System.TimeSpan",
          "Visibility": "Public",
          "GenericParameter": []
        },
        {
          "Kind": "Method",
          "Name": "set_TokenLifespan",
          "Parameters": [
            {
              "Name": "value",
              "Type": "System.TimeSpan"
            }
          ],
          "ReturnType": "System.Void",
          "Visibility": "Public",
          "GenericParameter": []
        },
        {
          "Kind": "Constructor",
          "Name": ".ctor",
          "Parameters": [],
          "Visibility": "Public",
          "GenericParameter": []
        }
      ],
      "GenericParameters": []
    },
    {
      "Name": "Microsoft.AspNetCore.Identity.ExternalLoginInfo",
      "Visibility": "Public",
      "Kind": "Class",
      "BaseType": "Microsoft.AspNetCore.Identity.UserLoginInfo",
      "ImplementedInterfaces": [],
      "Members": [
        {
          "Kind": "Method",
          "Name": "get_Principal",
          "Parameters": [],
          "ReturnType": "System.Security.Claims.ClaimsPrincipal",
          "Visibility": "Public",
          "GenericParameter": []
        },
        {
          "Kind": "Method",
          "Name": "set_Principal",
          "Parameters": [
            {
              "Name": "value",
              "Type": "System.Security.Claims.ClaimsPrincipal"
            }
          ],
          "ReturnType": "System.Void",
          "Visibility": "Public",
          "GenericParameter": []
        },
        {
          "Kind": "Method",
          "Name": "get_AuthenticationTokens",
          "Parameters": [],
          "ReturnType": "System.Collections.Generic.IEnumerable<Microsoft.AspNetCore.Authentication.AuthenticationToken>",
          "Visibility": "Public",
          "GenericParameter": []
        },
        {
          "Kind": "Method",
          "Name": "set_AuthenticationTokens",
          "Parameters": [
            {
              "Name": "value",
              "Type": "System.Collections.Generic.IEnumerable<Microsoft.AspNetCore.Authentication.AuthenticationToken>"
            }
          ],
          "ReturnType": "System.Void",
          "Visibility": "Public",
          "GenericParameter": []
        },
        {
          "Kind": "Constructor",
          "Name": ".ctor",
          "Parameters": [
            {
              "Name": "principal",
              "Type": "System.Security.Claims.ClaimsPrincipal"
            },
            {
              "Name": "loginProvider",
              "Type": "System.String"
            },
            {
              "Name": "providerKey",
              "Type": "System.String"
            },
            {
              "Name": "displayName",
              "Type": "System.String"
            }
          ],
          "Visibility": "Public",
          "GenericParameter": []
        }
      ],
      "GenericParameters": []
    },
    {
      "Name": "Microsoft.AspNetCore.Identity.IdentityBuilderExtensions",
      "Visibility": "Public",
      "Kind": "Class",
      "Abstract": true,
      "Static": true,
      "Sealed": true,
      "ImplementedInterfaces": [],
      "Members": [
        {
          "Kind": "Method",
          "Name": "AddDefaultTokenProviders",
          "Parameters": [
            {
              "Name": "builder",
              "Type": "Microsoft.AspNetCore.Identity.IdentityBuilder"
            }
          ],
          "ReturnType": "Microsoft.AspNetCore.Identity.IdentityBuilder",
          "Static": true,
          "Extension": true,
          "Visibility": "Public",
          "GenericParameter": []
        },
        {
          "Kind": "Method",
          "Name": "AddSignInManager",
          "Parameters": [
            {
              "Name": "builder",
              "Type": "Microsoft.AspNetCore.Identity.IdentityBuilder"
            }
          ],
          "ReturnType": "Microsoft.AspNetCore.Identity.IdentityBuilder",
          "Static": true,
          "New": true,
          "Extension": true,
          "Visibility": "Public",
          "GenericParameter": []
        },
        {
          "Kind": "Method",
          "Name": "AddSignInManager<T0>",
          "Parameters": [
            {
              "Name": "builder",
              "Type": "Microsoft.AspNetCore.Identity.IdentityBuilder"
            }
          ],
          "ReturnType": "Microsoft.AspNetCore.Identity.IdentityBuilder",
          "Static": true,
          "New": true,
          "Extension": true,
          "Visibility": "Public",
          "GenericParameter": [
            {
              "ParameterName": "TSignInManager",
              "ParameterPosition": 0,
              "Class": true,
              "BaseTypeOrInterfaces": []
            }
          ]
        }
      ],
      "GenericParameters": []
    },
    {
      "Name": "Microsoft.AspNetCore.Identity.IdentityConstants",
      "Visibility": "Public",
      "Kind": "Class",
      "ImplementedInterfaces": [],
      "Members": [
        {
          "Kind": "Constructor",
          "Name": ".ctor",
          "Parameters": [],
          "Visibility": "Public",
          "GenericParameter": []
        },
        {
          "Kind": "Field",
          "Name": "ApplicationScheme",
          "Parameters": [],
          "ReturnType": "System.String",
          "Static": true,
          "ReadOnly": true,
          "Visibility": "Public",
          "GenericParameter": []
        },
        {
          "Kind": "Field",
          "Name": "ExternalScheme",
          "Parameters": [],
          "ReturnType": "System.String",
          "Static": true,
          "ReadOnly": true,
          "Visibility": "Public",
          "GenericParameter": []
        },
        {
          "Kind": "Field",
          "Name": "TwoFactorRememberMeScheme",
          "Parameters": [],
          "ReturnType": "System.String",
          "Static": true,
          "ReadOnly": true,
          "Visibility": "Public",
          "GenericParameter": []
        },
        {
          "Kind": "Field",
          "Name": "TwoFactorUserIdScheme",
          "Parameters": [],
          "ReturnType": "System.String",
          "Static": true,
          "ReadOnly": true,
          "Visibility": "Public",
          "GenericParameter": []
        }
      ],
      "GenericParameters": []
    },
    {
      "Name": "Microsoft.AspNetCore.Identity.IdentityCookiesBuilder",
      "Visibility": "Public",
      "Kind": "Class",
      "ImplementedInterfaces": [],
      "Members": [
        {
          "Kind": "Method",
          "Name": "get_ApplicationCookie",
          "Parameters": [],
          "ReturnType": "Microsoft.Extensions.Options.OptionsBuilder<Microsoft.AspNetCore.Authentication.Cookies.CookieAuthenticationOptions>",
          "Visibility": "Public",
          "GenericParameter": []
        },
        {
          "Kind": "Method",
          "Name": "set_ApplicationCookie",
          "Parameters": [
            {
              "Name": "value",
              "Type": "Microsoft.Extensions.Options.OptionsBuilder<Microsoft.AspNetCore.Authentication.Cookies.CookieAuthenticationOptions>"
            }
          ],
          "ReturnType": "System.Void",
          "Visibility": "Public",
          "GenericParameter": []
        },
        {
          "Kind": "Method",
          "Name": "get_ExternalCookie",
          "Parameters": [],
          "ReturnType": "Microsoft.Extensions.Options.OptionsBuilder<Microsoft.AspNetCore.Authentication.Cookies.CookieAuthenticationOptions>",
          "Visibility": "Public",
          "GenericParameter": []
        },
        {
          "Kind": "Method",
          "Name": "set_ExternalCookie",
          "Parameters": [
            {
              "Name": "value",
              "Type": "Microsoft.Extensions.Options.OptionsBuilder<Microsoft.AspNetCore.Authentication.Cookies.CookieAuthenticationOptions>"
            }
          ],
          "ReturnType": "System.Void",
          "Visibility": "Public",
          "GenericParameter": []
        },
        {
          "Kind": "Method",
          "Name": "get_TwoFactorRememberMeCookie",
          "Parameters": [],
          "ReturnType": "Microsoft.Extensions.Options.OptionsBuilder<Microsoft.AspNetCore.Authentication.Cookies.CookieAuthenticationOptions>",
          "Visibility": "Public",
          "GenericParameter": []
        },
        {
          "Kind": "Method",
          "Name": "set_TwoFactorRememberMeCookie",
          "Parameters": [
            {
              "Name": "value",
              "Type": "Microsoft.Extensions.Options.OptionsBuilder<Microsoft.AspNetCore.Authentication.Cookies.CookieAuthenticationOptions>"
            }
          ],
          "ReturnType": "System.Void",
          "Visibility": "Public",
          "GenericParameter": []
        },
        {
          "Kind": "Method",
          "Name": "get_TwoFactorUserIdCookie",
          "Parameters": [],
          "ReturnType": "Microsoft.Extensions.Options.OptionsBuilder<Microsoft.AspNetCore.Authentication.Cookies.CookieAuthenticationOptions>",
          "Visibility": "Public",
          "GenericParameter": []
        },
        {
          "Kind": "Method",
          "Name": "set_TwoFactorUserIdCookie",
          "Parameters": [
            {
              "Name": "value",
              "Type": "Microsoft.Extensions.Options.OptionsBuilder<Microsoft.AspNetCore.Authentication.Cookies.CookieAuthenticationOptions>"
            }
          ],
          "ReturnType": "System.Void",
          "Visibility": "Public",
          "GenericParameter": []
        },
        {
          "Kind": "Constructor",
          "Name": ".ctor",
          "Parameters": [],
          "Visibility": "Public",
          "GenericParameter": []
        }
      ],
      "GenericParameters": []
    },
    {
      "Name": "Microsoft.AspNetCore.Identity.IdentityCookieAuthenticationBuilderExtensions",
      "Visibility": "Public",
      "Kind": "Class",
      "Abstract": true,
      "Static": true,
      "Sealed": true,
      "ImplementedInterfaces": [],
      "Members": [
        {
          "Kind": "Method",
          "Name": "AddIdentityCookies",
          "Parameters": [
            {
              "Name": "builder",
              "Type": "Microsoft.AspNetCore.Authentication.AuthenticationBuilder"
            }
          ],
          "ReturnType": "Microsoft.AspNetCore.Identity.IdentityCookiesBuilder",
          "Static": true,
          "Extension": true,
          "Visibility": "Public",
          "GenericParameter": []
        },
        {
          "Kind": "Method",
          "Name": "AddIdentityCookies",
          "Parameters": [
            {
              "Name": "builder",
              "Type": "Microsoft.AspNetCore.Authentication.AuthenticationBuilder"
            },
            {
              "Name": "configureCookies",
              "Type": "System.Action<Microsoft.AspNetCore.Identity.IdentityCookiesBuilder>"
            }
          ],
          "ReturnType": "Microsoft.AspNetCore.Identity.IdentityCookiesBuilder",
          "Static": true,
          "Extension": true,
          "Visibility": "Public",
          "GenericParameter": []
        },
        {
          "Kind": "Method",
          "Name": "AddApplicationCookie",
          "Parameters": [
            {
              "Name": "builder",
              "Type": "Microsoft.AspNetCore.Authentication.AuthenticationBuilder"
            }
          ],
          "ReturnType": "Microsoft.Extensions.Options.OptionsBuilder<Microsoft.AspNetCore.Authentication.Cookies.CookieAuthenticationOptions>",
          "Static": true,
          "Extension": true,
          "Visibility": "Public",
          "GenericParameter": []
        },
        {
          "Kind": "Method",
          "Name": "AddExternalCookie",
          "Parameters": [
            {
              "Name": "builder",
              "Type": "Microsoft.AspNetCore.Authentication.AuthenticationBuilder"
            }
          ],
          "ReturnType": "Microsoft.Extensions.Options.OptionsBuilder<Microsoft.AspNetCore.Authentication.Cookies.CookieAuthenticationOptions>",
          "Static": true,
          "Extension": true,
          "Visibility": "Public",
          "GenericParameter": []
        },
        {
          "Kind": "Method",
          "Name": "AddTwoFactorRememberMeCookie",
          "Parameters": [
            {
              "Name": "builder",
              "Type": "Microsoft.AspNetCore.Authentication.AuthenticationBuilder"
            }
          ],
          "ReturnType": "Microsoft.Extensions.Options.OptionsBuilder<Microsoft.AspNetCore.Authentication.Cookies.CookieAuthenticationOptions>",
          "Static": true,
          "Extension": true,
          "Visibility": "Public",
          "GenericParameter": []
        },
        {
          "Kind": "Method",
          "Name": "AddTwoFactorUserIdCookie",
          "Parameters": [
            {
              "Name": "builder",
              "Type": "Microsoft.AspNetCore.Authentication.AuthenticationBuilder"
            }
          ],
          "ReturnType": "Microsoft.Extensions.Options.OptionsBuilder<Microsoft.AspNetCore.Authentication.Cookies.CookieAuthenticationOptions>",
          "Static": true,
          "Extension": true,
          "Visibility": "Public",
          "GenericParameter": []
        }
      ],
      "GenericParameters": []
    },
    {
      "Name": "Microsoft.AspNetCore.Identity.ISecurityStampValidator",
      "Visibility": "Public",
      "Kind": "Interface",
      "Abstract": true,
      "ImplementedInterfaces": [],
      "Members": [
        {
          "Kind": "Method",
          "Name": "ValidateAsync",
          "Parameters": [
            {
              "Name": "context",
              "Type": "Microsoft.AspNetCore.Authentication.Cookies.CookieValidatePrincipalContext"
            }
          ],
          "ReturnType": "System.Threading.Tasks.Task",
          "GenericParameter": []
        }
      ],
      "GenericParameters": []
    },
    {
      "Name": "Microsoft.AspNetCore.Identity.ITwoFactorSecurityStampValidator",
      "Visibility": "Public",
      "Kind": "Interface",
      "Abstract": true,
      "ImplementedInterfaces": [
        "Microsoft.AspNetCore.Identity.ISecurityStampValidator"
      ],
      "Members": [],
      "GenericParameters": []
    },
    {
      "Name": "Microsoft.AspNetCore.Identity.SecurityStampRefreshingPrincipalContext",
      "Visibility": "Public",
      "Kind": "Class",
      "ImplementedInterfaces": [],
      "Members": [
        {
          "Kind": "Method",
          "Name": "get_CurrentPrincipal",
          "Parameters": [],
          "ReturnType": "System.Security.Claims.ClaimsPrincipal",
          "Visibility": "Public",
          "GenericParameter": []
        },
        {
          "Kind": "Method",
          "Name": "set_CurrentPrincipal",
          "Parameters": [
            {
              "Name": "value",
              "Type": "System.Security.Claims.ClaimsPrincipal"
            }
          ],
          "ReturnType": "System.Void",
          "Visibility": "Public",
          "GenericParameter": []
        },
        {
          "Kind": "Method",
          "Name": "get_NewPrincipal",
          "Parameters": [],
          "ReturnType": "System.Security.Claims.ClaimsPrincipal",
          "Visibility": "Public",
          "GenericParameter": []
        },
        {
          "Kind": "Method",
          "Name": "set_NewPrincipal",
          "Parameters": [
            {
              "Name": "value",
              "Type": "System.Security.Claims.ClaimsPrincipal"
            }
          ],
          "ReturnType": "System.Void",
          "Visibility": "Public",
          "GenericParameter": []
        },
        {
          "Kind": "Constructor",
          "Name": ".ctor",
          "Parameters": [],
          "Visibility": "Public",
          "GenericParameter": []
        }
      ],
      "GenericParameters": []
    },
    {
      "Name": "Microsoft.AspNetCore.Identity.SecurityStampValidator<T0>",
      "Visibility": "Public",
      "Kind": "Class",
      "ImplementedInterfaces": [
        "Microsoft.AspNetCore.Identity.ISecurityStampValidator"
      ],
      "Members": [
        {
          "Kind": "Method",
          "Name": "get_SignInManager",
          "Parameters": [],
          "ReturnType": "Microsoft.AspNetCore.Identity.SignInManager<T0>",
          "Visibility": "Public",
          "GenericParameter": []
        },
        {
          "Kind": "Method",
          "Name": "get_Options",
          "Parameters": [],
          "ReturnType": "Microsoft.AspNetCore.Identity.SecurityStampValidatorOptions",
          "Visibility": "Public",
          "GenericParameter": []
        },
        {
          "Kind": "Method",
          "Name": "get_Clock",
          "Parameters": [],
          "ReturnType": "Microsoft.AspNetCore.Authentication.ISystemClock",
          "Visibility": "Public",
          "GenericParameter": []
        },
        {
          "Kind": "Method",
          "Name": "SecurityStampVerified",
          "Parameters": [
            {
              "Name": "user",
              "Type": "T0"
            },
            {
              "Name": "context",
              "Type": "Microsoft.AspNetCore.Authentication.Cookies.CookieValidatePrincipalContext"
            }
          ],
          "ReturnType": "System.Threading.Tasks.Task",
          "Virtual": true,
          "Visibility": "Protected",
          "GenericParameter": []
        },
        {
          "Kind": "Method",
          "Name": "VerifySecurityStamp",
          "Parameters": [
            {
              "Name": "principal",
              "Type": "System.Security.Claims.ClaimsPrincipal"
            }
          ],
          "ReturnType": "System.Threading.Tasks.Task<T0>",
          "Virtual": true,
          "Visibility": "Protected",
          "GenericParameter": []
        },
        {
          "Kind": "Method",
          "Name": "ValidateAsync",
          "Parameters": [
            {
              "Name": "context",
              "Type": "Microsoft.AspNetCore.Authentication.Cookies.CookieValidatePrincipalContext"
            }
          ],
          "ReturnType": "System.Threading.Tasks.Task",
          "Virtual": true,
          "ImplementedInterface": "Microsoft.AspNetCore.Identity.ISecurityStampValidator",
          "Visibility": "Public",
          "GenericParameter": []
        },
        {
          "Kind": "Constructor",
          "Name": ".ctor",
          "Parameters": [
            {
              "Name": "options",
              "Type": "Microsoft.Extensions.Options.IOptions<Microsoft.AspNetCore.Identity.SecurityStampValidatorOptions>"
            },
            {
              "Name": "signInManager",
              "Type": "Microsoft.AspNetCore.Identity.SignInManager<T0>"
            },
            {
              "Name": "clock",
              "Type": "Microsoft.AspNetCore.Authentication.ISystemClock"
            }
          ],
          "Visibility": "Public",
          "GenericParameter": []
        }
      ],
      "GenericParameters": [
        {
          "ParameterName": "TUser",
          "ParameterPosition": 0,
          "Class": true,
          "BaseTypeOrInterfaces": []
        }
      ]
    },
    {
      "Name": "Microsoft.AspNetCore.Identity.SecurityStampValidator",
      "Visibility": "Public",
      "Kind": "Class",
      "Abstract": true,
      "Static": true,
      "Sealed": true,
      "ImplementedInterfaces": [],
      "Members": [
        {
          "Kind": "Method",
          "Name": "ValidatePrincipalAsync",
          "Parameters": [
            {
              "Name": "context",
              "Type": "Microsoft.AspNetCore.Authentication.Cookies.CookieValidatePrincipalContext"
            }
          ],
          "ReturnType": "System.Threading.Tasks.Task",
          "Static": true,
          "Visibility": "Public",
          "GenericParameter": []
        },
        {
          "Kind": "Method",
          "Name": "ValidateAsync<T0>",
          "Parameters": [
            {
              "Name": "context",
              "Type": "Microsoft.AspNetCore.Authentication.Cookies.CookieValidatePrincipalContext"
            }
          ],
          "ReturnType": "System.Threading.Tasks.Task",
          "Static": true,
          "Visibility": "Public",
          "GenericParameter": [
            {
              "ParameterName": "TValidator",
              "ParameterPosition": 0,
              "BaseTypeOrInterfaces": [
                "Microsoft.AspNetCore.Identity.ISecurityStampValidator"
              ]
            }
          ]
        }
      ],
      "GenericParameters": []
    },
    {
      "Name": "Microsoft.AspNetCore.Identity.SecurityStampValidatorOptions",
      "Visibility": "Public",
      "Kind": "Class",
      "ImplementedInterfaces": [],
      "Members": [
        {
          "Kind": "Method",
          "Name": "get_ValidationInterval",
          "Parameters": [],
          "ReturnType": "System.TimeSpan",
          "Visibility": "Public",
          "GenericParameter": []
        },
        {
          "Kind": "Method",
          "Name": "set_ValidationInterval",
          "Parameters": [
            {
              "Name": "value",
              "Type": "System.TimeSpan"
            }
          ],
          "ReturnType": "System.Void",
          "Visibility": "Public",
          "GenericParameter": []
        },
        {
          "Kind": "Method",
          "Name": "get_OnRefreshingPrincipal",
          "Parameters": [],
          "ReturnType": "System.Func<Microsoft.AspNetCore.Identity.SecurityStampRefreshingPrincipalContext, System.Threading.Tasks.Task>",
          "Visibility": "Public",
          "GenericParameter": []
        },
        {
          "Kind": "Method",
          "Name": "set_OnRefreshingPrincipal",
          "Parameters": [
            {
              "Name": "value",
              "Type": "System.Func<Microsoft.AspNetCore.Identity.SecurityStampRefreshingPrincipalContext, System.Threading.Tasks.Task>"
            }
          ],
          "ReturnType": "System.Void",
          "Visibility": "Public",
          "GenericParameter": []
        },
        {
          "Kind": "Constructor",
          "Name": ".ctor",
          "Parameters": [],
          "Visibility": "Public",
          "GenericParameter": []
        }
      ],
      "GenericParameters": []
    },
    {
      "Name": "Microsoft.AspNetCore.Identity.SignInManager<T0>",
      "Visibility": "Public",
      "Kind": "Class",
      "ImplementedInterfaces": [],
      "Members": [
        {
          "Kind": "Method",
          "Name": "get_Logger",
          "Parameters": [],
          "ReturnType": "Microsoft.Extensions.Logging.ILogger",
          "Virtual": true,
          "Visibility": "Public",
          "GenericParameter": []
        },
        {
          "Kind": "Method",
          "Name": "set_Logger",
          "Parameters": [
            {
              "Name": "value",
              "Type": "Microsoft.Extensions.Logging.ILogger"
            }
          ],
          "ReturnType": "System.Void",
          "Virtual": true,
          "Visibility": "Public",
          "GenericParameter": []
        },
        {
          "Kind": "Method",
          "Name": "get_UserManager",
          "Parameters": [],
          "ReturnType": "Microsoft.AspNetCore.Identity.UserManager<T0>",
          "Visibility": "Public",
          "GenericParameter": []
        },
        {
          "Kind": "Method",
          "Name": "set_UserManager",
          "Parameters": [
            {
              "Name": "value",
              "Type": "Microsoft.AspNetCore.Identity.UserManager<T0>"
            }
          ],
          "ReturnType": "System.Void",
          "Visibility": "Public",
          "GenericParameter": []
        },
        {
          "Kind": "Method",
          "Name": "get_ClaimsFactory",
          "Parameters": [],
          "ReturnType": "Microsoft.AspNetCore.Identity.IUserClaimsPrincipalFactory<T0>",
          "Visibility": "Public",
          "GenericParameter": []
        },
        {
          "Kind": "Method",
          "Name": "set_ClaimsFactory",
          "Parameters": [
            {
              "Name": "value",
              "Type": "Microsoft.AspNetCore.Identity.IUserClaimsPrincipalFactory<T0>"
            }
          ],
          "ReturnType": "System.Void",
          "Visibility": "Public",
          "GenericParameter": []
        },
        {
          "Kind": "Method",
          "Name": "get_Options",
          "Parameters": [],
          "ReturnType": "Microsoft.AspNetCore.Identity.IdentityOptions",
          "Visibility": "Public",
          "GenericParameter": []
        },
        {
          "Kind": "Method",
          "Name": "set_Options",
          "Parameters": [
            {
              "Name": "value",
              "Type": "Microsoft.AspNetCore.Identity.IdentityOptions"
            }
          ],
          "ReturnType": "System.Void",
          "Visibility": "Public",
          "GenericParameter": []
        },
        {
          "Kind": "Method",
          "Name": "get_Context",
          "Parameters": [],
          "ReturnType": "Microsoft.AspNetCore.Http.HttpContext",
          "Visibility": "Public",
          "GenericParameter": []
        },
        {
          "Kind": "Method",
          "Name": "set_Context",
          "Parameters": [
            {
              "Name": "value",
              "Type": "Microsoft.AspNetCore.Http.HttpContext"
            }
          ],
          "ReturnType": "System.Void",
          "Visibility": "Public",
          "GenericParameter": []
        },
        {
          "Kind": "Method",
          "Name": "CreateUserPrincipalAsync",
          "Parameters": [
            {
              "Name": "user",
              "Type": "T0"
            }
          ],
          "ReturnType": "System.Threading.Tasks.Task<System.Security.Claims.ClaimsPrincipal>",
          "Virtual": true,
          "Visibility": "Public",
          "GenericParameter": []
        },
        {
          "Kind": "Method",
          "Name": "IsSignedIn",
          "Parameters": [
            {
              "Name": "principal",
              "Type": "System.Security.Claims.ClaimsPrincipal"
            }
          ],
          "ReturnType": "System.Boolean",
          "Virtual": true,
          "Visibility": "Public",
          "GenericParameter": []
        },
        {
          "Kind": "Method",
          "Name": "CanSignInAsync",
          "Parameters": [
            {
              "Name": "user",
              "Type": "T0"
            }
          ],
          "ReturnType": "System.Threading.Tasks.Task<System.Boolean>",
          "Virtual": true,
          "Visibility": "Public",
          "GenericParameter": []
        },
        {
          "Kind": "Method",
          "Name": "RefreshSignInAsync",
          "Parameters": [
            {
              "Name": "user",
              "Type": "T0"
            }
          ],
          "ReturnType": "System.Threading.Tasks.Task",
          "Virtual": true,
          "Visibility": "Public",
          "GenericParameter": []
        },
        {
          "Kind": "Method",
          "Name": "SignInAsync",
          "Parameters": [
            {
              "Name": "user",
              "Type": "T0"
            },
            {
              "Name": "isPersistent",
              "Type": "System.Boolean"
            },
            {
              "Name": "authenticationMethod",
              "Type": "System.String",
              "DefaultValue": "null"
            }
          ],
          "ReturnType": "System.Threading.Tasks.Task",
          "Virtual": true,
          "Visibility": "Public",
          "GenericParameter": []
        },
        {
          "Kind": "Method",
          "Name": "SignInAsync",
          "Parameters": [
            {
              "Name": "user",
              "Type": "T0"
            },
            {
              "Name": "authenticationProperties",
              "Type": "Microsoft.AspNetCore.Authentication.AuthenticationProperties"
            },
            {
              "Name": "authenticationMethod",
              "Type": "System.String",
              "DefaultValue": "null"
            }
          ],
          "ReturnType": "System.Threading.Tasks.Task",
          "Virtual": true,
          "Visibility": "Public",
          "GenericParameter": []
        },
        {
          "Kind": "Method",
          "Name": "SignOutAsync",
          "Parameters": [],
          "ReturnType": "System.Threading.Tasks.Task",
          "Virtual": true,
          "Visibility": "Public",
          "GenericParameter": []
        },
        {
          "Kind": "Method",
          "Name": "ValidateSecurityStampAsync",
          "Parameters": [
            {
              "Name": "principal",
              "Type": "System.Security.Claims.ClaimsPrincipal"
            }
          ],
          "ReturnType": "System.Threading.Tasks.Task<T0>",
          "Virtual": true,
          "Visibility": "Public",
          "GenericParameter": []
        },
        {
          "Kind": "Method",
          "Name": "ValidateTwoFactorSecurityStampAsync",
          "Parameters": [
            {
              "Name": "principal",
              "Type": "System.Security.Claims.ClaimsPrincipal"
            }
          ],
          "ReturnType": "System.Threading.Tasks.Task<T0>",
          "Virtual": true,
          "Visibility": "Public",
          "GenericParameter": []
        },
        {
          "Kind": "Method",
          "Name": "ValidateSecurityStampAsync",
          "Parameters": [
            {
              "Name": "user",
              "Type": "T0"
            },
            {
              "Name": "securityStamp",
              "Type": "System.String"
            }
          ],
          "ReturnType": "System.Threading.Tasks.Task<System.Boolean>",
          "Virtual": true,
          "Visibility": "Public",
          "GenericParameter": []
        },
        {
          "Kind": "Method",
          "Name": "PasswordSignInAsync",
          "Parameters": [
            {
              "Name": "user",
              "Type": "T0"
            },
            {
              "Name": "password",
              "Type": "System.String"
            },
            {
              "Name": "isPersistent",
              "Type": "System.Boolean"
            },
            {
              "Name": "lockoutOnFailure",
              "Type": "System.Boolean"
            }
          ],
          "ReturnType": "System.Threading.Tasks.Task<Microsoft.AspNetCore.Identity.SignInResult>",
          "Virtual": true,
          "Visibility": "Public",
          "GenericParameter": []
        },
        {
          "Kind": "Method",
          "Name": "PasswordSignInAsync",
          "Parameters": [
            {
              "Name": "userName",
              "Type": "System.String"
            },
            {
              "Name": "password",
              "Type": "System.String"
            },
            {
              "Name": "isPersistent",
              "Type": "System.Boolean"
            },
            {
              "Name": "lockoutOnFailure",
              "Type": "System.Boolean"
            }
          ],
          "ReturnType": "System.Threading.Tasks.Task<Microsoft.AspNetCore.Identity.SignInResult>",
          "Virtual": true,
          "Visibility": "Public",
          "GenericParameter": []
        },
        {
          "Kind": "Method",
          "Name": "CheckPasswordSignInAsync",
          "Parameters": [
            {
              "Name": "user",
              "Type": "T0"
            },
            {
              "Name": "password",
              "Type": "System.String"
            },
            {
              "Name": "lockoutOnFailure",
              "Type": "System.Boolean"
            }
          ],
          "ReturnType": "System.Threading.Tasks.Task<Microsoft.AspNetCore.Identity.SignInResult>",
          "Virtual": true,
          "Visibility": "Public",
          "GenericParameter": []
        },
        {
          "Kind": "Method",
          "Name": "IsTwoFactorClientRememberedAsync",
          "Parameters": [
            {
              "Name": "user",
              "Type": "T0"
            }
          ],
          "ReturnType": "System.Threading.Tasks.Task<System.Boolean>",
          "Virtual": true,
          "Visibility": "Public",
          "GenericParameter": []
        },
        {
          "Kind": "Method",
          "Name": "RememberTwoFactorClientAsync",
          "Parameters": [
            {
              "Name": "user",
              "Type": "T0"
            }
          ],
          "ReturnType": "System.Threading.Tasks.Task",
          "Virtual": true,
          "Visibility": "Public",
          "GenericParameter": []
        },
        {
          "Kind": "Method",
          "Name": "ForgetTwoFactorClientAsync",
          "Parameters": [],
          "ReturnType": "System.Threading.Tasks.Task",
          "Virtual": true,
          "Visibility": "Public",
          "GenericParameter": []
        },
        {
          "Kind": "Method",
          "Name": "TwoFactorRecoveryCodeSignInAsync",
          "Parameters": [
            {
              "Name": "recoveryCode",
              "Type": "System.String"
            }
          ],
          "ReturnType": "System.Threading.Tasks.Task<Microsoft.AspNetCore.Identity.SignInResult>",
          "Virtual": true,
          "Visibility": "Public",
          "GenericParameter": []
        },
        {
          "Kind": "Method",
          "Name": "TwoFactorAuthenticatorSignInAsync",
          "Parameters": [
            {
              "Name": "code",
              "Type": "System.String"
            },
            {
              "Name": "isPersistent",
              "Type": "System.Boolean"
            },
            {
              "Name": "rememberClient",
              "Type": "System.Boolean"
            }
          ],
          "ReturnType": "System.Threading.Tasks.Task<Microsoft.AspNetCore.Identity.SignInResult>",
          "Virtual": true,
          "Visibility": "Public",
          "GenericParameter": []
        },
        {
          "Kind": "Method",
          "Name": "TwoFactorSignInAsync",
          "Parameters": [
            {
              "Name": "provider",
              "Type": "System.String"
            },
            {
              "Name": "code",
              "Type": "System.String"
            },
            {
              "Name": "isPersistent",
              "Type": "System.Boolean"
            },
            {
              "Name": "rememberClient",
              "Type": "System.Boolean"
            }
          ],
          "ReturnType": "System.Threading.Tasks.Task<Microsoft.AspNetCore.Identity.SignInResult>",
          "Virtual": true,
          "Visibility": "Public",
          "GenericParameter": []
        },
        {
          "Kind": "Method",
          "Name": "GetTwoFactorAuthenticationUserAsync",
          "Parameters": [],
          "ReturnType": "System.Threading.Tasks.Task<T0>",
          "Virtual": true,
          "Visibility": "Public",
          "GenericParameter": []
        },
        {
          "Kind": "Method",
          "Name": "ExternalLoginSignInAsync",
          "Parameters": [
            {
              "Name": "loginProvider",
              "Type": "System.String"
            },
            {
              "Name": "providerKey",
              "Type": "System.String"
            },
            {
              "Name": "isPersistent",
              "Type": "System.Boolean"
            }
          ],
          "ReturnType": "System.Threading.Tasks.Task<Microsoft.AspNetCore.Identity.SignInResult>",
          "Virtual": true,
          "Visibility": "Public",
          "GenericParameter": []
        },
        {
          "Kind": "Method",
          "Name": "ExternalLoginSignInAsync",
          "Parameters": [
            {
              "Name": "loginProvider",
              "Type": "System.String"
            },
            {
              "Name": "providerKey",
              "Type": "System.String"
            },
            {
              "Name": "isPersistent",
              "Type": "System.Boolean"
            },
            {
              "Name": "bypassTwoFactor",
              "Type": "System.Boolean"
            }
          ],
          "ReturnType": "System.Threading.Tasks.Task<Microsoft.AspNetCore.Identity.SignInResult>",
          "Virtual": true,
          "Visibility": "Public",
          "GenericParameter": []
        },
        {
          "Kind": "Method",
          "Name": "GetExternalAuthenticationSchemesAsync",
          "Parameters": [],
          "ReturnType": "System.Threading.Tasks.Task<System.Collections.Generic.IEnumerable<Microsoft.AspNetCore.Authentication.AuthenticationScheme>>",
          "Virtual": true,
          "Visibility": "Public",
          "GenericParameter": []
        },
        {
          "Kind": "Method",
          "Name": "GetExternalLoginInfoAsync",
          "Parameters": [
            {
              "Name": "expectedXsrf",
              "Type": "System.String",
              "DefaultValue": "null"
            }
          ],
          "ReturnType": "System.Threading.Tasks.Task<Microsoft.AspNetCore.Identity.ExternalLoginInfo>",
          "Virtual": true,
          "Visibility": "Public",
          "GenericParameter": []
        },
        {
          "Kind": "Method",
          "Name": "UpdateExternalAuthenticationTokensAsync",
          "Parameters": [
            {
              "Name": "externalLogin",
              "Type": "Microsoft.AspNetCore.Identity.ExternalLoginInfo"
            }
          ],
          "ReturnType": "System.Threading.Tasks.Task<Microsoft.AspNetCore.Identity.IdentityResult>",
          "Virtual": true,
          "Visibility": "Public",
          "GenericParameter": []
        },
        {
          "Kind": "Method",
          "Name": "ConfigureExternalAuthenticationProperties",
          "Parameters": [
            {
              "Name": "provider",
              "Type": "System.String"
            },
            {
              "Name": "redirectUrl",
              "Type": "System.String"
            },
            {
              "Name": "userId",
              "Type": "System.String",
              "DefaultValue": "null"
            }
          ],
          "ReturnType": "Microsoft.AspNetCore.Authentication.AuthenticationProperties",
          "Virtual": true,
          "Visibility": "Public",
          "GenericParameter": []
        },
        {
          "Kind": "Method",
          "Name": "SignInOrTwoFactorAsync",
          "Parameters": [
            {
              "Name": "user",
              "Type": "T0"
            },
            {
              "Name": "isPersistent",
              "Type": "System.Boolean"
            },
            {
              "Name": "loginProvider",
              "Type": "System.String",
              "DefaultValue": "null"
            },
            {
              "Name": "bypassTwoFactor",
              "Type": "System.Boolean",
              "DefaultValue": "False"
            }
          ],
          "ReturnType": "System.Threading.Tasks.Task<Microsoft.AspNetCore.Identity.SignInResult>",
          "Virtual": true,
          "Visibility": "Protected",
          "GenericParameter": []
        },
        {
          "Kind": "Method",
          "Name": "IsLockedOut",
          "Parameters": [
            {
              "Name": "user",
              "Type": "T0"
            }
          ],
          "ReturnType": "System.Threading.Tasks.Task<System.Boolean>",
          "Virtual": true,
          "Visibility": "Protected",
          "GenericParameter": []
        },
        {
          "Kind": "Method",
          "Name": "LockedOut",
          "Parameters": [
            {
              "Name": "user",
              "Type": "T0"
            }
          ],
          "ReturnType": "System.Threading.Tasks.Task<Microsoft.AspNetCore.Identity.SignInResult>",
          "Virtual": true,
          "Visibility": "Protected",
          "GenericParameter": []
        },
        {
          "Kind": "Method",
          "Name": "PreSignInCheck",
          "Parameters": [
            {
              "Name": "user",
              "Type": "T0"
            }
          ],
          "ReturnType": "System.Threading.Tasks.Task<Microsoft.AspNetCore.Identity.SignInResult>",
          "Virtual": true,
          "Visibility": "Protected",
          "GenericParameter": []
        },
        {
          "Kind": "Method",
          "Name": "ResetLockout",
          "Parameters": [
            {
              "Name": "user",
              "Type": "T0"
            }
          ],
          "ReturnType": "System.Threading.Tasks.Task",
          "Virtual": true,
          "Visibility": "Protected",
          "GenericParameter": []
        },
        {
          "Kind": "Constructor",
          "Name": ".ctor",
          "Parameters": [
            {
              "Name": "userManager",
              "Type": "Microsoft.AspNetCore.Identity.UserManager<T0>"
            },
            {
              "Name": "contextAccessor",
              "Type": "Microsoft.AspNetCore.Http.IHttpContextAccessor"
            },
            {
              "Name": "claimsFactory",
              "Type": "Microsoft.AspNetCore.Identity.IUserClaimsPrincipalFactory<T0>"
            },
            {
              "Name": "optionsAccessor",
              "Type": "Microsoft.Extensions.Options.IOptions<Microsoft.AspNetCore.Identity.IdentityOptions>"
            },
            {
              "Name": "logger",
              "Type": "Microsoft.Extensions.Logging.ILogger<Microsoft.AspNetCore.Identity.SignInManager<T0>>"
            },
            {
              "Name": "schemes",
              "Type": "Microsoft.AspNetCore.Authentication.IAuthenticationSchemeProvider"
            }
          ],
          "Visibility": "Public",
          "GenericParameter": []
        }
      ],
      "GenericParameters": [
        {
          "ParameterName": "TUser",
          "ParameterPosition": 0,
          "Class": true,
          "BaseTypeOrInterfaces": []
        }
      ]
    },
    {
      "Name": "Microsoft.AspNetCore.Identity.TwoFactorSecurityStampValidator<T0>",
      "Visibility": "Public",
      "Kind": "Class",
      "BaseType": "Microsoft.AspNetCore.Identity.SecurityStampValidator<T0>",
      "ImplementedInterfaces": [
        "Microsoft.AspNetCore.Identity.ITwoFactorSecurityStampValidator"
      ],
      "Members": [
        {
          "Kind": "Method",
          "Name": "VerifySecurityStamp",
          "Parameters": [
            {
              "Name": "principal",
              "Type": "System.Security.Claims.ClaimsPrincipal"
            }
          ],
          "ReturnType": "System.Threading.Tasks.Task<T0>",
          "Virtual": true,
          "Override": true,
          "Visibility": "Protected",
          "GenericParameter": []
        },
        {
          "Kind": "Method",
          "Name": "SecurityStampVerified",
          "Parameters": [
            {
              "Name": "user",
              "Type": "T0"
            },
            {
              "Name": "context",
              "Type": "Microsoft.AspNetCore.Authentication.Cookies.CookieValidatePrincipalContext"
            }
          ],
          "ReturnType": "System.Threading.Tasks.Task",
          "Virtual": true,
          "Override": true,
          "Visibility": "Protected",
          "GenericParameter": []
        },
        {
          "Kind": "Constructor",
          "Name": ".ctor",
          "Parameters": [
            {
              "Name": "options",
              "Type": "Microsoft.Extensions.Options.IOptions<Microsoft.AspNetCore.Identity.SecurityStampValidatorOptions>"
            },
            {
              "Name": "signInManager",
              "Type": "Microsoft.AspNetCore.Identity.SignInManager<T0>"
            },
            {
              "Name": "clock",
              "Type": "Microsoft.AspNetCore.Authentication.ISystemClock"
            }
          ],
          "Visibility": "Public",
          "GenericParameter": []
        }
      ],
      "GenericParameters": [
        {
          "ParameterName": "TUser",
          "ParameterPosition": 0,
          "Class": true,
          "BaseTypeOrInterfaces": []
        }
      ]
    }
  ]
}